Concepto,2003_T1,2003_T2,2003_T3,2003_T4,2003,2004_T1,2004_T2,2004_T3,2004_T4,2004,2005_T1,2005_T2,2005_T3,2005_T4,2005,2006_T1,2006_T2,2006_T3,2006_T4,2006,2007_T1,2007_T2,2007_T3,2007_T4,2007,2008_T1,2008_T2,2008_T3,2008_T4,2008,2009_T1,2009_T2,2009_T3,2009_T4,20092010_T1,2010_T2,2010_T3,2010_T4,2010,2011_T1,2011_T2,2011_T3,2011_T4,2011,2012_T1,2012_T2,2012_T3,2012_T4,2012,2013_T1,2013_T2,2013_T3,2013_T4,2013,2014_T1,2014_T2,2014_T3,2014_T4,2014,2015_T1,2015_T2,2015_T3,2015_T4,2015,2016_T1,2016_T2,2016_T3,2016_T4,2016,2017_T1,2017_T2,2017_T3,2017_T4,2017,2018_T1,2018_T2,2018_T3,2018_T4,2018,incognito_1
          Estados Unidos Mexicanos,78.790034441719,81.0365813300121,79.5700932549771,81.7542310190364,80.2877350114361,81.5074107260201,84.3902668947446,82.5180217153299,85.3055653450641,83.4303161702897,82.0648747541837,86.6506200305832,84.643732289246,87.9575601204643,85.3291967986193,86.6282431588691,90.2076745785567,88.5537700582964,90.8520130457891,89.0604252103778,88.3787354534524,92.0048721352465,90.672474078086,93.4471634480345,91.1258112787048,89.369077714131,94.3289337293804,91.7998872872448,92.7973553562041,92.0738135217401,84.4344753062511,86.0798087805337,87.245755740822,91.2491955368288,87.2523088411089,88.2663108414322,92.0545918852121,91.5289995684059,95.1576912465794,91.7518983854074,91.5001822955428,94.5891072628448,95.2602544949433,99.0418926599996,95.0978591783326,95.9577031149252,98.4717101778466,97.9255014938679,102.233527709643,98.6471106240707,96.6185147792755,100.549772484562,99.3583440694078,103.473368666754,100,99.0388953327561,102.738729382204,102.089519412243,106.821851684036,102.67224895281,102.47498794666,105.727526372384,106.033923106417,109.510226092591,105.936665879513,105.3573988877,109.045969192203,107.996476667392,112.935302144783,108.83378672302,108.894699785341,110.978093295156,109.553846490764,114.58235639114,111.0022489906,110.151820600323,113.856284075735,112.287849884357,,
          Aguascalientes,67.4072673531436,68.7221233828568,72.1975811330735,72.1898355833096,70.1292018630959,69.016754832981,73.0644829973553,73.1529272681486,77.6805125890155,73.2286694218751,72.74629492134,74.625932423322,74.3174748145526,78.3395968023462,75.0073247403902,75.5117081788014,78.7608897944857,80.6737784632428,84.7190072299835,79.9163459166283,84.998463464867,85.0792413465972,89.0663736148613,88.7431780720387,86.971814124591,84.0466512781452,88.4765552935474,89.0327359823183,87.8238827966564,87.3449563376668,78.3855961246714,80.1279646988726,85.1665866583174,87.8868927384151,82.8917600550691,84.8003244617872,86.680921465085,90.4265617364456,90.3772954329733,88.0712757740728,88.2257286081645,90.4732814681651,92.6425122153452,96.5187693600766,91.9650729129379,94.5965885520839,96.2770174780783,96.7670675274627,100.521545567063,97.040554781172,96.88539343627,100.231034753007,100.619065836486,102.264505974237,100,107.090283231691,109.666347005837,110.336334073317,115.073557832197,110.54163053576,110.712898596781,114.020383829938,115.292180766562,118.659478297177,114.671235372614,117.189807074541,126.541880217209,126.558537477284,130.412116178046,125.17558523677,130.735731055153,127.980958376948,129.60673175452,131.003366120342,129.83169682674,133.043701402599,131.012668879503,136.134209676813,,
          Baja California,87.3741570995221,86.4746529664589,85.5420376570885,83.890294883718,85.8202856516969,88.0776313483426,94.5389696066872,90.5478477946953,90.3011208969938,90.8663924116797,88.04023775709,93.5254531740614,93.8234764203983,96.6711507878092,93.0150795348397,91.8443310372283,98.2312686944871,100.33701925115,101.419906580147,97.9581313907531,94.0984719610516,99.1331614562022,102.606313018822,100.773686316435,99.1529081881278,96.9476821507119,101.593461162967,99.8512069511795,94.761070065088,98.2883550824867,85.2815525101936,88.2584206067357,87.9766008078474,88.8372969082124,87.5884677082473,86.0972142801655,93.3818555390333,93.8789151454213,94.5387567685401,91.97418543329,90.0399055647044,94.5120965902973,96.106343067911,98.0117158371466,94.6675152650148,92.6592340100092,99.4269461428173,99.4650216503946,100.285773161838,97.9592437412648,95.4613975756996,101.064096545395,102.101785612828,101.372720266077,100,95.1523945282954,102.326527975962,102.651408395133,106.604136157424,101.683616764204,102.875234826009,108.293111776393,110.2693446415,113.286965010603,108.681164063626,106.844902316935,113.262373646119,114.900483858787,118.690956590804,113.424679103161,111.773587628857,118.046602743556,117.438617839673,120.724714586338,116.995880699606,115.181200524502,121.264452371478,119.84461945971,,
          Baja California Sur,64.9166170907577,64.9420065746656,65.5271280572442,69.0640463899615,66.1124495281572,63.9815062802074,72.3298841013082,70.1918836697019,77.0668561188545,70.892532542518,75.4754623783592,76.8698584009567,73.2892218790904,78.284299077191,75.9797104338993,79.3826369284956,81.3537596579735,80.4159095519853,84.5280867551047,81.4200982233898,86.4582352490943,89.8860278110391,96.30000456168,96.656266102933,92.3251334311866,95.2831053772399,99.3428755962569,93.7130234148112,90.6146234280997,94.7384069541019,92.0203145420853,95.3801643902187,91.7427867380324,97.5968186712743,94.1850210854027,96.6294592274851,96.4198266023807,93.8193126475896,97.9307271725888,96.1998314125111,100.248520454155,98.7094523379593,97.7657073179387,102.163955868843,99.721908994724,99.3438970701086,105.122380990104,98.8508425060668,104.744211425713,102.015332997998,97.5064045330496,99.4168032127797,98.2402277389771,104.836564515194,100,99.5610287223301,99.7278735654439,97.5315049668384,102.63604057884,99.8641119583631,111.829434951298,117.070144363947,109.184885260277,114.316636666022,113.100275310386,111.777758549843,113.832965218268,116.788004766515,124.374050602566,116.693194784298,116.675665063955,122.221025485775,136.59514497255,144.635784344481,130.03190496669,142.216147191737,147.40195004995,144.265498242949,,
          Campeche,143.502615470559,143.506844996967,147.533426687698,146.532143785622,145.268757735211,144.278401947259,146.809614498163,148.510365677659,148.160854784302,146.939809226846,143.370791057342,147.365852099124,142.497459744078,142.860904862311,144.023751940714,145.17637247805,144.053969494848,140.371479171466,133.03933680702,140.660289487846,134.053981666797,134.841195531519,129.694061529363,127.049433156081,131.40966797094,124.377929986045,120.329119686622,119.039902643747,117.323078620084,120.267507734125,112.779943029443,107.918982980769,106.971180888658,105.431318616698,108.275356378892,105.798036273965,105.121428252337,104.032274077021,103.289394602676,104.5602833015,102.822858413483,100.943101944728,98.2231909478947,101.016758019393,100.751477331375,98.365620332919,97.9329298323308,99.4355041301705,100.772320638804,99.126593733556,99.8463750070562,99.8105949800713,100.184062826556,100.158967186316,100,98.0902444412574,95.322545008247,93.3718392756818,94.4567003676048,95.3103322731977,92.5138613821518,86.695196792513,88.0115687279737,87.1013914869067,88.5805045973863,87.2633072761108,82.6763890851451,82.7635038121154,80.8019573090513,83.3762893706056,78.4714473058468,75.826981166032,71.2927046335899,73.0586027309505,74.6624339591048,74.2671589825388,73.8322695541699,74.3678350920991,,
          Coahuila de Zaragoza,79.0100352413547,79.7804557761015,81.5464136515812,84.1282390193687,81.1162859221015,81.8686661168011,83.2127792986828,83.6085492963838,85.1175497152768,83.4518861067861,81.1963865041162,85.7023914194315,85.8289386642791,88.3068071372244,85.2586309312628,87.0006183772096,90.967993616496,89.62534935886,89.5089421566952,89.2757258773152,86.6692084028257,94.0998452031857,94.5895422279549,96.6013897449963,92.9899963947407,92.2117286476052,95.0273328529178,92.0383590259605,91.0832681775045,92.590172175997,74.4564552428059,74.7923186324737,79.0982349659129,84.7871558581529,78.2835411748363,85.0735349942242,91.8350281040528,92.912771405711,94.3149826891814,91.0340792982924,94.2434463806148,96.8404253079886,97.9565664000272,99.811529293167,97.2129918454494,100.038938328332,104.313144764606,103.041087145282,101.038394224271,102.107891115623,95.7160739353748,100.149273360658,101.051062205469,103.083590498499,100,100.866670844751,105.237466477622,106.023421509649,108.39825397578,105.13145320195,102.331666508586,106.374115716017,108.87742465784,108.90703263248,106.622559878731,105.902001655857,107.895953443034,108.139124366783,111.604056439417,108.385283976273,110.389704917174,115.164257519694,113.827502622359,115.964768665474,113.836558431175,112.602962126717,116.867924116115,114.331088010683,,
          Colima,69.6375965800069,74.9985629786692,75.6288116143744,76.0864566119013,74.0878569462379,71.5267083293522,72.9747967197852,75.2983884051755,76.8189465145686,74.1547099922204,71.1061994636942,74.8711257665687,76.0834706319195,76.5887093771031,74.6623763098214,77.4666984551374,79.8084697102662,79.36173696936,80.7196569015522,79.339140509079,88.2792090637676,86.1407992123428,82.0328353766939,82.7477529377099,84.8001491476285,86.5829732690474,86.0773706694953,86.8231957185183,85.9621114764601,86.3614127833803,81.7215824825392,82.4398090899138,83.4122798689059,86.9039327930169,83.6194010585939,87.3912325117071,87.6072240268836,88.4919745525952,95.249379687116,89.6849526945755,93.7353085584118,97.0240326029853,97.4248913346656,96.6007879906807,96.1962551216858,95.1360541639579,100.938114467548,98.3025884246618,101.763540332471,99.0350743471598,97.0876532627536,101.719979403162,99.0598631180462,102.132504216038,100,102.804844421272,101.921549970702,100.218930616396,105.053235454713,102.499640115771,102.085858391918,101.534550120611,103.0171105204,110.580579957698,104.304524747657,106.991968156744,107.728032825985,111.298614763911,116.704182967778,110.680699678604,111.107535443341,112.821371811842,115.437694566897,123.412512106892,115.694778482243,113.551318016674,116.639441737708,118.043811298663,,
          Chiapas,93.1056089488538,88.4684238220021,83.9927421723392,87.7274996148532,88.3235686395121,86.8687119578485,84.474084002872,81.9157324715778,86.1568428668346,84.8538428247832,86.7554717916098,87.5029173926749,82.0800876553397,85.7874665348243,85.5314858436122,86.200289093782,89.18569406775,88.1487390579729,90.1740038556647,88.4271815187924,92.938654629361,90.7618276112233,86.5866572636833,89.2907643656136,89.8944759674703,89.4651752634734,92.5302095519479,91.0057399186926,94.7691202785277,91.9425612531604,92.3947656883119,89.7932360269093,90.2201999399553,93.0959191397549,91.3760301987328,93.009059479995,94.5704287392081,98.6997020875774,99.5733582665522,96.4631371433332,97.3221385603987,99.96909710943,98.6553395117992,101.947968914617,99.4736360240612,100.84602506039,99.7361771251827,100.107308203683,104.733069870165,101.355645064855,96.2604504043703,98.2910215033485,97.7169719917193,107.731556100562,100,104.58909004858,104.558758633996,104.238967051512,106.878842748675,105.06641462069,102.135728944531,103.423388379758,101.793285948048,106.228921749607,103.395331255486,105.101164824673,103.60612918545,101.09132134948,104.148085166869,103.486675131618,104.298322437198,99.4699286901658,97.2228650424352,100.300853556075,100.322992431468,102.000610952081,97.7014046426326,98.5935857060007,,
          Chihuahua,73.7525360468315,73.1616484329085,75.550705124211,80.2301182765665,75.6737519701294,75.1885205911541,79.475827886044,80.0441901042566,81.6218323142023,79.0825927239142,77.2451036212748,81.2263218521937,82.2571397923465,86.1400499954928,81.717153815327,83.1336569120657,87.077463894504,88.7732173370013,93.43235099757,88.1041722852853,85.8569932715963,91.0051018675815,92.4576831488746,95.7097116500208,91.2573724845183,88.0732886580813,94.3148000253319,92.1763234343557,95.6240905527407,92.5471256676274,81.4865848392284,81.8381196585679,84.2951988879999,89.216067359801,84.2089926863993,82.2524162986131,88.011428142627,88.2971157392721,92.3145532731225,87.7188783634087,82.6956885311892,89.0381857596938,89.894140840687,97.3380344950053,89.7415124066438,91.0783194152525,95.4349153341617,96.8667242618639,102.238909282107,96.4047170733462,93.3252246307315,102.095679651083,99.4329019133791,105.146193804807,100,95.1870742040304,102.114767769401,103.190854019061,108.382197645624,102.218723409529,102.644715423647,105.047835977728,109.288161395172,115.686225255716,108.166734513066,105.577223068722,112.680414035767,114.355574128237,121.32803049996,113.485310433171,111.148032094433,116.981321198525,116.726957532121,122.558712274365,116.853755774861,109.259509276396,118.936095091033,118.677677670754,,
          Ciudad de México,77.4973807060117,83.4108640178002,76.8174598420759,81.4477250076242,79.793357393378,79.9774456564292,86.7820975417286,80.3085074344787,86.1746690839437,83.3106799291451,78.9644438479124,88.9152926023399,83.2790350154076,86.7440416729465,84.4757032846516,84.4089216557267,93.152973370863,87.8504470615641,89.9432820044002,88.8389060231385,83.846860866579,94.2158189536751,90.0041489007325,92.3530887100787,90.1049793577664,83.0565052576884,95.6549745408256,92.8784692895044,95.0887483775033,91.6696743663804,82.1961703295135,87.7426799676537,90.3234032373586,93.2667873797582,88.382260228571,87.4077307795305,92.0936004357121,90.9489619989499,95.7075396776696,91.5394582229656,90.3160349947655,94.4928634732607,95.3408621533754,99.011334417057,94.7902737596147,94.6496148156692,98.8367409359723,97.0411532028186,103.61679040902,98.53607484087,94.2663386644876,101.148802334834,99.4734993509468,105.111359649732,100,98.0427345942583,103.316247028081,100.681821670129,106.457769483936,102.124643194101,101.524468177545,105.958898283349,105.179370025589,111.799644759065,106.115595311387,104.516203110973,111.004273118007,108.885939923112,118.693447223455,110.774965843886,110.097698299077,113.937952410599,111.355887788563,120.236362017189,113.906975128857,110.540663880154,117.462374793898,115.841789195355,,
          Durango,75.7721243625606,77.5425143220276,83.1042284429876,87.1367065825081,80.888893427521,81.3803438886517,81.146842065227,85.2960784088278,85.7603147946571,83.3958947893409,77.399565938039,81.0411067486062,83.0148586321016,86.4991481091524,81.9886698569748,81.4461948090378,82.8769003542989,86.2525168804972,88.7752402971261,84.83771308524,84.0818939314884,83.1546441158426,86.3481214560834,90.6785167673171,86.0657940676829,83.6732280824002,87.0569959638791,89.7713300402808,90.1369536542821,87.6596269352106,82.6402397593259,84.2511117626312,87.4153418400228,90.7474679546163,86.263540329149,83.6825806491035,88.9866741418461,90.6796522095276,94.7903492497774,89.5348140625636,89.9617619785449,91.5441636583153,93.0322447660101,98.5104239593818,93.262148590563,90.4889571264861,96.836516641547,98.1284980715853,101.618942529086,96.768228592176,94.2388887334498,99.872924350703,101.445006418605,104.443180497242,100,95.7008709540631,102.298771543564,103.427965489322,108.065324395189,102.373233095535,96.2315146798555,103.147526191004,106.11172868498,107.070053646712,103.140205800638,99.7748755822661,106.302315726596,108.513842212361,113.510263527523,107.025324262186,103.296994358367,106.162238579929,107.273898819791,107.083456787766,105.954147136463,100.545487081524,105.223905848501,107.916689873448,,
          Guanajuato,72.2138893464988,73.8633718392513,73.6328815255281,75.192263224238,73.7256014838791,73.2597012095442,77.7061097120408,74.5254524795316,77.8869479287469,75.8445528324659,73.0919614447236,77.3163612292571,75.4573000644564,79.9831953849825,76.4622045308549,77.6330522438363,81.1035697525403,79.879328808217,82.7204688960634,80.3341049251643,79.9768529507743,82.1415867315267,81.1426391766838,85.5311972377364,82.1980690241803,81.8276018576385,87.9625262878243,83.6175900646264,85.0013807505364,84.6022747401564,78.7650613731501,79.0765301015994,80.8634369758418,85.3412069940491,81.0115588611601,82.4564972182407,87.1353137952235,86.9274738579137,91.4053465266772,86.9811578495138,87.927629280478,92.6295248468601,92.4492476137182,95.7697362385359,92.1940344948981,92.6054004037446,94.309928544195,96.2821900740179,100.889588006963,96.0217767572301,94.7349979501123,97.8692375005417,101.632837266437,105.762927282909,100,98.7207813026289,100.98001309866,105.688607089219,112.391556036137,104.445239381661,107.082066479291,113.196261080065,110.130026772132,114.427636070506,111.208997600498,109.582917466887,115.188700104383,116.909980187613,122.151619493512,115.958304313098,119.088544443015,121.399338319539,120.970587000993,124.974233060925,121.608175706118,119.892451044252,125.348642850593,121.513585954682,,
          Guerrero,78.7410477771342,82.7530591627365,83.9554131856771,88.5623308124937,83.5029627345104,85.3071178580796,87.213790561783,89.3770276786008,90.1090565755677,88.0017481685078,87.4989253466653,87.2420085609122,89.9213973144852,92.2110494722701,89.2183451735832,88.4759887712906,90.3258716829158,91.2165901994057,94.7535350038378,91.1929964143625,91.0984320930467,91.1966392089207,92.8596282083971,99.3776174420621,93.6330792381067,92.8179611646834,95.7389198311351,95.2959407057545,96.9040152903124,95.1892092479714,90.2691300063098,88.530569131065,91.7859359598075,97.2916140735324,91.9693122926787,91.3169252901615,95.2263755394811,97.8735031615761,102.931491184988,96.8370737940518,96.0014275408589,96.5615472712346,98.0195761599392,101.496095868915,98.019661710237,96.4486072923262,99.2397552567692,98.7644758747485,104.280507725233,99.6833365372691,95.9259918891357,100.603325583825,99.6065692076059,103.864113319434,100,100.460656391715,104.885930925738,103.38622672563,109.931437852144,104.666062973807,103.159781023795,108.28892217224,104.435704039314,108.269628984027,106.038509054844,109.906138558166,108.352300506904,106.789106203362,108.219720610846,108.316816469819,106.360016347212,108.450273915282,106.707853954418,111.759620254713,108.319441117906,110.954697084426,110.325378646037,108.774823141792,,
          Hidalgo,72.9655508267397,79.1545319614209,77.8714700465183,80.9465848414398,77.7345344190297,79.4696075328863,83.8941231763637,83.121575272811,85.2270217286936,82.9280819276887,77.9682338880026,83.7151628143822,82.2799098066479,85.1933336247661,82.2891600334497,80.9060721651415,86.1131442312584,84.0833274668436,87.2855284721935,84.5970180838593,82.7005662423854,86.4683512492223,87.5450013121311,92.4990055435808,87.3032310868299,87.2325413840799,92.5500002695501,91.5894121469044,90.2140393303053,90.3964982827099,83.7789013747882,84.1008452294497,83.7696446223537,87.0444895264222,84.6734701882534,83.3033267747375,90.441948519091,88.8904561496815,94.6265645131373,89.3155739891618,87.0185580701813,91.9028536237005,94.4515987961338,98.2030845668747,92.8940237642226,90.9069710740837,94.7952291364448,96.3526637584858,103.769597632051,96.4561154002664,93.196590504064,100.89804021752,99.9080988245091,105.997270453906,100,98.8375780963234,102.943320199237,103.980679215581,109.991679749256,103.938314315099,101.9678560977,110.34815013447,108.793154966836,118.025937080012,109.783774569755,112.126684739497,117.167765045367,112.073947379445,116.071055629625,114.359863198484,111.054960608029,115.296890325901,113.312383790342,119.640202676556,114.826109350207,115.021498040527,118.327416932648,116.703071980086,,
          Jalisco,77.4820955085168,78.3750806108234,77.3101492103836,79.0156773356794,78.0457506663508,79.9748772443059,80.5821248624207,79.7616254781614,81.3996188986148,80.4295616208757,78.9111478373247,83.4101425667024,81.4894390663216,86.8967109500067,82.6768601050889,85.8176004321899,87.6016007373921,84.8489208871241,89.6715334778254,86.9849138836329,87.5846693746255,89.8347562053812,88.9832128679081,92.1911216689677,89.6484400292206,88.1820797967465,91.5509140936152,89.8633407995371,91.1312314423737,90.1818915330681,83.3660208280301,83.0241430685987,85.4684443594129,89.9192734132392,85.4444704173202,87.3665379524326,90.8208139594555,90.4025137270057,94.8074525648895,90.8493295509458,90.2164806128949,92.1441244715312,93.5867423496051,98.3578052156031,93.5762881624086,94.9590122037016,95.8757087522568,96.9226658334579,103.095509679643,97.7132241172648,95.9583180484405,100.433581187217,98.8983617907486,104.709738973594,100,98.4054952887542,103.941242579906,103.858728918612,110.879190737829,104.271164381275,103.957058765707,108.103480503388,110.872954448145,112.057768750614,108.747815616964,109.570212757072,112.926686446305,115.161860206284,118.653511044167,114.078067613457,114.471970207809,114.521834140324,117.884144497302,121.420029687556,117.074494633248,118.719708484379,120.091802062772,120.845571948186,,
          México,74.6355460447758,79.4432785131214,76.9793313265728,76.1316304157373,76.7974465750518,75.6827490911138,80.3725399006302,78.1340325631472,80.4537531016269,78.6607686641295,76.2273422547791,81.6987796686428,80.7726269589869,83.4265525872068,80.5313253674039,81.9647229431514,85.9020540328954,83.3859590180513,85.9112053990357,84.2909853482834,83.0242173312808,87.5465020545446,86.6776837464229,89.8650309986432,86.7783585327229,84.9235359107868,90.8559914432952,87.5403599997851,87.7450176503815,87.7662262510621,78.8327026365158,82.3257364103717,83.8186337379863,88.6783909597847,83.4138659361647,85.6688602283763,89.5133356713474,90.1948196717531,94.0882124823173,89.8663070134485,90.1727051675246,94.7752644583018,94.4047706435538,96.7068050626234,94.0148863330009,93.9725916845264,97.2418430823867,97.8035675986073,103.610048996781,98.1570128405754,96.5263016357111,100.380855913885,99.6159726528091,103.476869797595,100,98.1673954532976,103.336046984235,102.701604755488,107.620741766412,102.956447239858,101.825708543857,104.776405989071,105.26606618794,109.629067777672,105.374312124635,103.099675399427,110.115175509779,107.751601922796,113.280205547228,108.561664594807,107.950929530348,113.035287356897,111.351793881889,121.76300774013,113.525254627316,112.394809741218,117.652892241787,114.829215324683,,
          Michoacán de Ocampo,80.2281807091434,81.6070420955255,79.029893925379,86.8079493552865,81.9182665213336,80.0825274355102,83.7438541903838,83.7054307122337,87.4335567424797,83.7413422701518,83.0619517805552,85.3996687547737,82.8837982439461,89.1890457830338,85.1336161405772,86.180517825945,88.4440605548184,87.9054635270534,94.0560457491914,89.146521914252,88.5009376455003,89.3630046650272,88.8974990619827,98.5272931243092,91.3221836242048,91.6127698231389,95.3512478064682,91.2834058714821,94.1470985736891,93.0986305186946,84.0885856926306,89.2311940292311,86.2521125566282,93.1769658814225,88.1872145399781,88.7194409889173,93.6678386072376,89.6971642354737,94.8679472552749,91.7380977717258,91.8818973422401,96.2472502846282,93.2713992950679,100.583478332029,95.4960063134913,94.0939470118228,97.3253466702349,96.8190896042653,103.487561778722,97.9314862662612,97.7585464992327,99.9384089165183,97.8813911132766,104.421653470973,100,106.529289591881,108.779013122052,102.347456673604,108.749334395871,106.601273445852,104.743437896917,110.418927272723,110.100621459583,110.569544824368,108.958132863398,109.433630237244,115.533004894118,110.725073031778,118.613381791943,113.576272488771,115.94818743949,115.131597353124,113.369555948881,124.007947722683,117.114322116044,119.890653897169,120.105379827435,111.472186195017,,
          Morelos,84.2648406116888,85.1783039034983,86.5869831461228,91.1047372362115,86.7837162243803,89.6216654577147,84.1561643214282,85.0424653614227,92.0022040455941,87.7056247965399,91.0451095503981,93.0970208241736,96.5502230829641,95.4853150373103,94.0444171237115,90.3505899696456,90.823102551449,92.3304049151883,95.8614576494709,92.3413887714385,87.2213710716007,89.7316030783808,95.2289318450847,99.7039910285942,92.9714742559151,93.8861437535657,93.627607078327,92.1308258313453,93.0037566847767,93.1620833370037,90.9506588191448,84.5536415179197,92.5953339758552,101.64046932341,92.4350259090824,93.0409828979816,96.7572677570293,93.2869089287403,101.229717730138,96.0787193284723,93.8999010070582,97.2340013938491,93.8914247990843,98.6166567755651,95.9104959938892,94.6927163343368,95.46969079549,95.6411351966107,100.122019917327,96.4813905609411,98.1046114596719,99.2002779782578,98.7182811587464,103.976829403324,100,98.0653323562769,99.9983327182582,97.2835463864074,109.0983227604,101.111383555336,102.805175310984,102.004138672986,99.5971613922784,105.138860392205,102.386333942113,101.017865103891,103.630036393261,105.223250466301,112.544122315684,105.603818569784,112.196317283128,108.049764531641,105.004864023729,118.476821865289,110.931941925947,109.354761367488,108.521903523539,108.945204622208,,
          Nayarit,73.6940798259474,73.3113347844912,71.5472532778296,75.2119287285335,73.4411491542004,84.7962910767884,85.2636539123183,78.6783174461337,86.6146215123527,83.8382209868983,89.6716723490054,86.6465110307031,82.5488694584515,89.572817015902,87.1099674635155,89.9831402057742,90.6844740037121,84.9385692860314,90.1516332080503,88.939454175892,87.389099565865,86.3036285673452,87.68534258063,92.4867262007708,88.4661992286527,94.6840685248282,95.3430790706626,92.8448375703787,96.5366707031072,94.8521639672442,92.8468449271236,89.5176416469614,84.473286395679,92.289032945392,89.781701478789,93.6283422267044,94.6213975886942,91.7403331716869,97.4625217090063,94.363148674023,96.9706311416979,98.1199828296902,93.6481664942324,99.9773359611157,97.1790291066841,94.3424448818816,98.0884946453256,94.4323548503965,102.223599758007,97.2717235339028,102.172179073494,101.693628513949,97.5076169665218,98.6265754460351,100,102.298458500419,104.503758100141,103.174287850353,111.79573189514,105.443059086513,113.293096112174,113.409546467495,106.011434995819,110.734607968356,110.862171385961,112.503185215501,121.158478722254,112.321951055061,116.110031804928,115.523411699436,116.16028175809,120.586508882599,114.375586155881,119.000887477505,117.530816068519,117.17637393239,117.977183162278,115.382025388113,,
          Nuevo León,70.8871925428478,72.2161242090334,70.9321150761576,71.7916275325813,71.456764840155,73.6245129611429,76.6134052028157,74.9890776622194,76.938919437564,75.5414788159355,75.6193894908481,80.4457179388134,79.0923811927932,79.6652214467837,78.7056775173096,80.4778464288984,84.990355461908,84.7644763340278,86.4208355864196,84.1633784528134,86.1214428927505,89.5891323831729,89.1617057342692,92.331849264138,89.3010325685827,88.9490953914069,93.0342894337015,90.619573757721,90.1941501469738,90.6992771824508,81.1546671528406,82.5105081275253,86.0337221783867,89.0480781718713,84.686743907656,86.6806000955437,90.0573631072396,91.9438196135709,95.8282100373355,91.1274982134224,89.872278114508,93.5891848660799,96.5516397043796,100.364629445627,95.0944330326487,96.2198309774342,98.5170585138302,99.3045490639662,101.982693601813,99.006033039261,96.9492181792121,101.022586371389,99.8400034869048,102.188191962494,100,98.1112829854632,103.551396713014,103.333210365229,108.182767944365,103.294664502018,103.562320329188,108.153225786747,110.365298543863,111.443409598271,108.381063564517,107.034300538086,109.240330972347,110.244885749766,113.988046190574,110.126890862693,111.478993847294,112.873982155685,113.471864183558,115.907908482788,113.433187167331,112.291027755541,117.003571827863,118.28788188705,,
          Oaxaca,80.0685727750827,83.6178952247182,80.6948352026021,86.2919799793403,82.6683207954358,85.5075585237412,87.4900122893737,84.3079713242596,86.0646856591451,85.8425569491299,87.418511215043,85.9567069863293,85.9595795750039,88.7927936051739,87.0318978453875,89.8656307344245,89.9117640105887,86.2237642391295,89.2076176347399,88.8021941547207,88.6325315119,89.6354153421981,88.3165863454827,91.5434663771183,89.5319998941748,92.198156428948,93.6464116440252,89.0832673205583,94.3088870847911,92.3091806195807,93.0798884137718,89.9938893590108,87.9887598460684,94.7152147716041,91.4444380976138,90.0049949969481,92.8171415661013,91.5436248494948,97.2420607792904,92.9019555479587,93.0718954537674,95.1586515555001,93.1863541720087,101.378292047724,95.6987983072501,95.1185059945889,97.2076279770239,96.1508997809026,102.015145845673,97.6230448995471,97.7038617825476,99.9635653277149,99.0289332689169,103.303639620821,100,99.5871706103701,104.039690864489,99.6073699224962,104.976581758056,102.052703288853,102.489927119759,106.767634353875,106.614013132769,108.553008296992,106.106145725849,101.565864835121,106.687493450683,102.909223444826,106.734109345222,104.474172768963,101.4010637925,101.143446085443,96.4552537414909,104.219040997373,100.804701154202,103.724304501971,106.547221905951,100.960037823994,,
          Puebla,74.66153045923,78.0363653728337,75.8981453710465,76.3840434759732,76.2450211697709,78.2473040187398,79.8420268100826,78.5960224944974,75.9985803481918,78.1709834178779,79.0224863630096,83.458652996598,81.9211005282873,85.4380319180301,82.4600679514812,83.701247217811,86.4099956522296,85.2586889172931,89.123682182109,86.1234034923607,86.051124655543,89.9466887398786,89.7541415067283,93.0831763004861,89.708782800659,88.4028891377451,90.6326870021683,90.641706931428,91.5849733747281,90.3155641115174,81.3689454464501,80.8797071711557,82.1374809769062,88.8431235867348,83.3073142953117,85.7235210293288,89.8788923111715,91.0301927570295,95.3987272084046,90.5078333264836,91.7526311368513,93.0488605113741,96.7401879153109,98.504164647225,95.0114610526903,97.7611349678863,99.5486461692558,102.395056805386,104.123343705247,100.957045411944,97.8618579400843,101.611598091204,98.6507763281311,101.875767640581,100,97.5965583073315,101.11416661459,100.97660908523,104.203619468435,100.972738368897,102.049547559236,104.06617052659,102.528108116667,106.909725446016,103.888387912127,102.77074493234,107.469845205774,104.68610414144,111.226587417164,106.538320424179,110.478072888961,113.045538350168,112.450341764083,116.398250217776,113.093050805247,111.43644062817,120.141715426009,115.922960706058,,
          Querétaro,64.6201674300457,65.8655079930484,67.0887291461605,67.567500183393,66.2854761881619,67.3570962853075,70.5365652455421,73.0845791003583,73.9275011199121,71.22643543778,72.5149413000498,76.0635498912858,76.6059573734269,78.9643017440054,76.037187577192,78.2415091569208,80.9617715391183,81.0693118386076,82.7981176928639,80.7676775568777,83.7227405488488,84.4040849017291,85.4243439847385,85.9872938748776,84.8846158275485,84.7169005674538,88.3606752189268,87.2884046249665,87.5806978388807,86.986669562557,82.1285563870647,82.998541821935,85.0441449018322,87.7288532834563,84.4750240985721,85.5494283720712,89.0281276364486,91.1676797385766,93.5202558908134,89.8163729094774,91.6070922155503,94.3579927829091,98.2889348429866,101.839910744339,96.5234826464462,98.8283592823194,99.286353532304,100.015722815188,99.7503040311094,99.4701849152301,97.3492362063613,99.3376767011465,101.48774784232,101.825339250172,100,100.860877829025,105.684641982017,109.802269257319,115.732476493649,108.020066390503,112.342502949643,114.595170809281,116.716497828433,118.655347985724,115.57737989327,116.404870979349,120.22283020206,120.587315611962,125.318554627397,120.633392855192,126.013691239952,123.782101658975,124.261630899919,127.39966980488,125.364273400932,125.607900858677,126.470066234804,127.927537693948,,
          Quintana Roo,63.9684934538463,65.2281181722221,63.641766959588,63.2655195421937,64.0259745319625,68.7359113164639,71.0198972189731,68.0579004299399,70.8558696143038,69.6673946449202,76.2257125696483,76.701961707551,71.3474849428253,66.3622561567874,72.659353844203,74.5994045354039,78.4340279606728,77.2873862583578,79.285357422153,77.4015440441469,85.7816502389173,88.5069110316785,82.0848941293185,86.1529313673372,85.6315966918129,92.5084857044082,94.30633173089,86.9343520398905,86.735895547052,90.1212662555602,88.016177945203,78.2551410509436,79.9461671911413,83.466095131421,82.4208953296772,87.8500306952657,87.8446742461083,83.7522972708599,87.0643280275652,86.6278325599498,92.3867041883316,91.0644773051389,89.9076919404151,92.5156954616285,91.4686422238785,98.0060859976695,95.10652674377,93.0661212204887,96.8413223308402,95.7550140731921,102.085064935555,99.8471216465516,96.7059446705431,101.36186874735,100,102.732098177619,103.103934943985,102.720243595827,106.339219855612,103.723874143261,106.151381381647,110.040841996911,107.546552770397,112.199202421962,108.984494642729,113.228363068548,117.632554260874,117.614824172653,119.212363712168,116.922026303561,118.961996074668,121.673285417867,123.953699514762,123.85654556451,122.111381642952,123.79668219548,127.837511020609,128.484345831791,,
          San Luis Potosí,70.5388014718447,72.3224189859207,74.2721851463634,74.2376108223202,72.8427541066122,73.3494152920782,77.8153561538797,77.1690786598631,80.165259991635,77.124777524364,77.7126776281316,80.192785590134,80.1169084667196,83.1770110166149,80.2998456754,81.2691424187873,85.2220874412103,84.0850561956021,85.4450377330619,84.0053309471654,83.2336273896068,86.0187313568087,85.1464055066989,88.9837133829631,85.8456194090194,85.8696369297896,89.8891516710026,87.9485113640471,87.0911399920888,87.699609989232,80.9012316493021,82.4649318614108,82.4593886939111,86.5536570840529,83.0948023221692,82.8990537236566,88.0133136933758,87.873834827806,91.1979618682051,87.4960410282609,88.2859300578743,91.7513403327541,92.6188509989598,96.145440139162,92.2003903821876,93.6432501280804,96.8601915114162,95.7054170540219,100.017019693642,96.5564695967902,96.1943697936909,101.878808355603,99.182988600102,102.743833250604,100,98.6719682466491,103.042005206595,101.403442620291,106.625059951211,102.435619006186,102.338030903074,105.954159597609,109.307554782499,111.327632048227,107.231844332852,105.44748829974,112.921099595709,110.722275871089,116.053005815296,111.285967395459,112.678862406385,116.153548872627,114.84662101492,120.996064232309,116.16877413156,117.602402008733,120.956564900412,119.128871939138,,
          Sinaloa,83.2640653989206,80.3509051383807,74.210185848424,83.3352526535758,80.2901022598253,87.4626373741737,85.3923847998985,78.9667437453969,88.9874823080809,85.2023120568875,87.076469357,86.0983937125656,78.950341316439,89.9409843645104,85.5165471876288,90.8856453978684,87.1997799896272,81.187413561283,93.8598445054156,88.2831708635485,90.7511366166366,90.5260942358606,85.9951907684914,98.6359897221822,91.4771028357927,94.2079780722771,95.8181559139846,89.4730098310822,99.2896617276847,94.6972013862571,89.9816818368031,89.7299627793311,83.5487671176143,99.5873798299814,90.7119478909325,91.7363954851429,96.0548067193153,89.4346147213152,97.1023892554068,93.582051545295,90.3940245875578,90.3879191080848,98.6156019918275,102.242930717466,95.410119101234,99.2653325835217,96.5449152828014,94.6460644708258,104.86730089838,98.8309033088821,101.222680702061,99.2677771358275,92.357741459989,107.151800702122,100,98.4868384684638,99.9563963453561,98.8195911992664,111.255081938853,102.129476987985,105.263287086305,105.184915504033,104.292654686279,118.55139829673,108.323063893336,114.49279155288,115.455507878423,106.355764888515,120.750357108154,114.263605356993,113.467064686817,116.723738123687,108.735258762131,121.47323774467,115.099824829326,116.829492491961,119.670622655403,108.70005192511,,
          Sonora,68.2338029482509,74.6107173713631,72.7682599394765,70.9029947295828,71.6289437471683,72.0310431776365,76.7306640195505,76.7401094369445,75.8679776783665,75.3424485781245,75.1500963970401,79.4654149051154,79.8455358434693,82.8964443579349,79.3393728758899,83.2571794151369,83.1346758671335,83.9542132646943,86.4064242926986,84.1881232099158,85.0561751560323,88.5739433504062,84.8904443866238,82.7563084516019,85.319217836166,81.8669113655078,90.4325730656354,85.286778495398,84.7251435744005,85.5778516252354,74.5669382548772,83.7904683422267,81.1835883643065,82.1220784768856,80.415768359574,80.1140337007592,89.0142141821799,83.7222797455882,85.3729995438722,84.5558817930999,85.3972018166021,94.892896385858,93.4280036114115,95.8650351323295,92.3957842365503,94.0346776940764,102.252951164386,95.0556759137059,97.3776810126033,97.1802464461928,95.6401979112102,105.78406984395,97.7765350704028,100.799197174437,100,97.9482357767555,106.555852516596,99.2955294964208,103.072668989146,101.71807169473,101.123516859556,109.297716665164,103.40134586574,107.48344305203,105.326505610622,106.621694109651,115.691319954219,110.460663007531,112.22779876013,111.250368957883,110.639753280234,117.836123020565,109.216872580914,110.956549954986,112.162324709175,110.571599292115,117.430250391112,108.811639195162,,
          Tabasco,67.421521145511,66.9535962055796,67.1997020840019,69.286667742717,67.7153717944524,69.6976444541002,69.5532030509176,71.1130313262623,72.3117642391953,70.6689107676189,71.5256347535733,76.1819164049338,76.7409087450628,79.7843960485079,76.0582139880194,78.3582309170885,79.3481433164222,81.287028785479,82.7457041174778,80.4347767841169,80.8787391023674,82.4012090744618,81.6963837069123,83.0987944041946,82.018781571984,83.8166533267193,85.7931957332788,84.9438791543968,88.7834141826773,85.834285599268,87.0829081439794,90.844143265217,89.4192666235277,90.9765761822346,89.5807235537397,93.8869875181764,96.2952477145399,93.7652078587572,95.3770869961053,94.8311325218947,96.4591545647462,98.4967058134838,99.4015908299133,102.841333189083,99.2996960993066,101.985014591741,102.175463205989,100.538952701925,102.797011288301,101.874110446989,99.7429173488833,96.871474643979,98.8901455328076,104.49546247433,100,100.924846486944,101.278354678863,102.748309843777,101.693563036471,101.661268511514,101.435772304079,101.158083091603,100.011132557227,101.325270998874,100.982564737946,101.401675979707,95.9701790968198,92.3817272717671,93.1490461257706,95.725657118516,93.1640687193182,92.8485880185386,90.0028695506135,87.905287969695,90.9802035645414,90.5075453174471,86.506496711717,84.2148144200408,,
          Tamaulipas,84.0936442841113,82.9141137473377,80.85637122879,83.1081286207582,82.7430644702493,86.3235889542003,85.5428655045223,86.0448445232858,88.730178514808,86.6603693742041,90.2044684546946,92.9392086847283,91.5831101313045,94.2104884201421,92.2343189227174,94.0221461917465,93.8147725190878,96.6095928330688,95.5787688142839,95.0063200895467,96.9876842398969,97.2470097484553,97.5652514970341,100.395506129687,98.0488629037683,102.854993259641,104.487398713938,101.339602710218,99.8627020505226,102.13617418358,90.9112989077789,90.1933751662448,92.5253923642654,98.0528175897632,92.9207210070131,93.8728083533874,93.2679453421555,94.7251433290222,96.9810216587984,94.7117296708409,95.4252874785788,96.3632101182236,96.5792519396791,97.7088158866973,96.5191413557947,99.9909151298321,98.8493104238916,97.213204258105,98.1397423407096,98.5482930381346,99.1158076336161,101.257003249065,99.2828419874653,100.344347129853,100,100.033961615983,99.3800608982423,103.353854137308,101.719626741178,101.121875848178,101.007445673479,101.01893814868,105.24959059109,107.406779219131,103.670688408095,104.695951159327,103.086865882785,105.122579822608,101.812728048732,103.679531228363,104.955510567254,103.518426004753,104.141876293675,102.041618057532,103.664357730803,105.265949907468,104.579541632818,105.810711091281,,
          Tlaxcala,85.8083617981983,90.8527023411508,95.4839037531782,107.761143657446,94.9765278874934,109.43540715692,96.3735616872422,94.5471012082739,109.373078722127,102.432287193641,91.4121422290045,84.8898910660915,82.3241623153418,103.141588790267,90.4419461001763,82.489821047933,90.2383426859629,87.7796952248926,94.9200578913819,88.8569792125426,87.210498037656,88.892347303598,88.6173764501136,95.8624790450835,90.1456752091128,87.5619794603967,93.2358950713229,95.2466749979794,103.827807467647,94.9680892493365,84.5470644594078,100.086446349897,90.8815164038182,97.4793894155417,93.2486041571661,95.5692092920296,101.356273754694,99.8715464291011,108.460890450874,101.314479981675,90.9057078208295,94.2733704191767,99.9722112344995,107.429364560357,98.1451635087158,99.9146294659051,104.558438079092,96.9516550241061,108.89249705146,102.579304905141,93.8462655291407,100.821973120782,99.111386913335,106.220374436742,100,97.3189633095026,100.625662898507,104.557910890364,110.450863843627,103.2383502355,105.038512348415,112.177876616899,112.308038102083,111.322813776847,110.211810211061,109.072585707405,108.503658634483,111.185890079172,115.132910232973,110.973761163508,104.078819534606,108.931102010175,108.589193220454,115.922083066154,109.380299457847,104.196644505305,105.933353572405,105.692800378725,,
          Veracruz de Ignacio de la Llave,78.3125240330762,78.5338891561442,77.9611104348869,79.3075276563575,78.5287628201162,84.9473773592533,82.0687232838152,79.7902544736337,82.8044454005577,82.402700129315,81.5498266867044,83.0590696311353,81.2769763747432,86.3085892293097,83.0486154804732,86.5617541713701,88.9891488462857,85.8439259853621,89.0504241903207,87.6113132983347,94.0097625765716,90.1866197756379,86.8344140353683,90.1911965553585,90.3054982357341,90.2913849910533,92.9963512628865,87.9504666363727,89.3210730617121,90.1398189880061,88.1031570288553,87.1370272064551,86.3025649330859,91.167295865635,88.1775112585078,91.8193797285706,92.9882248786496,89.1306961197447,93.7032763762477,91.9103942758032,93.9619705761824,94.4436859277782,93.3240358023067,100.588490298553,95.579545651205,99.9193411690897,100.29333853833,97.1434131655689,101.811079447221,99.7917930800523,100.247396066448,101.33563016291,97.9137668646158,100.503206906026,100,101.824517666284,101.116236663685,98.989518671489,102.933215887706,101.215872222291,102.342083212582,102.09737190188,103.453325786055,103.690155150952,102.895734012867,104.572171282784,102.474371988372,99.9720590973278,104.282662224258,102.825316148185,105.029323139382,102.443728079801,98.3915383995996,101.099404488682,101.740998526866,103.006933338354,104.28586484543,103.327187671243,,
          Yucatán,71.5567275896211,73.8507454333268,75.9564452011555,78.2566700872179,74.9051470778303,75.9243688952762,78.1271474804798,78.111503170193,81.1325532738776,78.3238932049567,79.3726519457961,82.0984819360527,80.4055352226186,86.0516434122538,81.9820781291803,81.8166944620014,85.2750448908507,86.5610673229342,90.1334946343304,85.9465753275292,85.902084639478,88.1138200781575,88.0010076460342,92.4362825851994,88.6132987372173,89.3903160122694,89.5537341801718,88.6826807068595,90.4254511022579,89.5130455003897,85.7693403473844,87.5557835091912,86.8069029267977,90.888878799656,87.7552263957573,88.7020343648072,89.8685219886247,90.5707420687537,94.4558697371777,90.8992920398408,90.40971384275,93.3446719164154,93.2466448256683,99.0970394708654,94.0245175139248,96.7626316911109,98.6949607761766,99.1130628558367,103.413221294641,99.4959691544413,96.6976152677224,98.8277001107557,98.9764106667611,105.498273954761,100,99.7640784665162,100.070745936207,103.74108348329,109.961495170296,103.384350764077,101.569017214657,108.512432618491,109.224293234878,111.155450944252,107.61529850307,105.846707777603,113.463339466191,112.016522242447,118.078052110151,112.351155399098,113.687208507347,114.863924982941,115.872373147485,118.277475961104,115.675245649719,116.16085772433,119.764190871279,120.876076947194,,
          Zacatecas,61.3488686296325,65.1444610506585,72.8629997623925,76.844537418695,69.0502167153446,65.214771495193,70.9128099229534,73.8525631439039,77.8192774323039,71.9498554985886,66.5219149973506,70.5463197191954,74.9529929825791,75.769353926671,71.947645406449,69.9683139345458,73.8469942257775,80.9311694508412,80.6036305780241,76.3375270472971,72.3438360352693,77.3497123000545,82.2870226706739,83.7925366291385,78.943276908784,79.3522414320531,84.3910173926336,90.2607582607864,90.2275510206487,86.0578920265305,78.7059756730731,87.4536085307402,93.264784311429,96.0518022077003,88.8690426807356,90.4657640838574,97.5239688778477,104.415677111031,101.797929171949,98.5508348111714,90.6572618852273,98.3423953059561,100.843052508059,104.759171872553,98.6504703929487,97.1431983075735,100.270789143163,103.381568566709,104.297363870931,101.273229972094,92.1074384039892,97.8278583738606,105.149872020552,104.914831201598,100,96.2408441206137,104.624922602522,112.472791221728,114.469432022766,106.951997491907,96.3899760737783,108.85803989366,114.7072118678,113.732688877018,108.421979178064,96.8059442799611,103.183523225272,113.275049272877,113.253639605374,106.629539095871,98.3851327128377,104.35019794446,110.564291353959,111.304651334365,106.151068336405,100.131754721606,105.522388873168,111.467406896217,,
     Variación porcentual anual,,,,,,,,,,,,,,,,,,,,,,,,,,,,,,,,,,,,,,,,,,,,,,,,,,,,,,,,,,,,,,,,,,,,,,,,,,,,,,,,
          Estados Unidos Mexicanos,,,,,,3.44888322940284,4.13848352150367,3.70481966246585,4.34391502649059,3.9141484790995,0.683942752196387,2.67845240809324,2.57605615079993,3.1088180058039,2.27600794950101,5.56068405435882,4.10505377424664,4.6194061430195,3.29073808022935,4.37274526392694,2.02069467272126,1.99228897661546,2.39256218949777,2.85645888873979,2.31908399656544,1.1205662262505,2.52602013371377,1.24339080919739,-0.69537487051899,1.0403224176911,-5.52159934296789,-8.74506328303525,-4.96093370155545,-1.6683232118336,-5.23656455208381,4.53823573994229,6.9409809214511,4.90940079688001,4.28332073149407,5.1569862208374,3.66376641697437,2.75327425360061,4.07658222435694,4.08185755931723,3.64674829818823,4.87159774718782,4.10470404822914,2.79785836501847,3.22251015598019,3.73220961691926,0.688648897273978,2.1103140211159,1.46319656645275,1.21275376570449,1.37144348919145,2.50508979465256,2.17698841434793,2.74881326617864,3.23608196043703,2.67224895280982,3.46943754002797,2.90912395758866,3.86367152757965,2.5166895781841,3.17945400047053,2.81279461339479,3.13867441495876,1.85087328986704,3.12763124906368,2.73476687174734,3.35742998117436,1.77184367039465,1.44205614056141,1.45840513557501,1.99245320122814,1.15443710066631,2.59347650975094,2.4955795539538,,
          Aguascalientes,,,,,,2.38770616735626,6.31872154227079,1.32323842444843,7.60588656469432,4.41965326345778,5.40381838784567,2.13708406863449,1.59193567488445,0.848455026059995,2.42890569029474,3.80144894039158,5.54091216938883,8.55290584691065,8.14327707574603,6.54472238975181,12.5632905344987,8.02219422431394,10.4031264079721,4.75002124509196,8.82856708103652,-1.11979928568378,3.99311734940164,-0.0377669272675973,-1.03590528912099,0.429038093354279,-6.73561060123509,-9.4359353921227,-4.34239078620327,0.0717457936864037,-5.09840117771894,8.18355495684852,8.17811458314084,6.17610178417843,2.83364517388345,6.24852906436377,4.03937622658614,4.37508039714096,2.45055262120675,6.79537255201232,4.42118852559122,7.2210907684471,6.41486184178621,4.45211945735026,4.14714799362332,5.51892333412162,2.41954273322018,4.10691708000672,3.98069137305465,1.73391723867921,3.0496994019682,10.5329497393572,9.41356364930461,9.65748206470298,12.5254131293479,10.5416305357604,3.38276756375078,3.97025791683257,4.49158179385599,3.11619848428519,3.73579149940082,5.85018417894455,10.9818051533197,9.77200416872503,9.90450830352991,9.16040524899083,11.5589609017748,1.13723469041918,2.40852520738271,0.453370407308526,3.71966432684407,1.76537074357464,2.3688762304986,5.0363725972632,,
          Baja California,,,,,,0.805128509587945,9.32564209694624,5.85187151804074,7.64191617416763,5.87985313922461,-0.0424552643844436,-1.07206206799414,3.61756651922856,7.05420910343035,2.3646664802374,4.32085757268629,5.03158804445208,6.94233797260557,4.91227812396799,5.3142478409234,2.45430599620742,0.918132050722193,2.26167149932152,-0.637173002324971,1.21968108253176,3.02790271752731,2.4818130185954,-2.68512334824594,-5.96645460846493,-0.871939231475352,-12.0334281147459,-13.1258846815356,-11.8923010606551,-6.25127296769318,-10.8862208196075,0.956434007078343,5.8050380882372,6.70895929528497,6.41786733585397,5.00718626526422,4.57934826057105,1.21034332070171,2.37266048402813,3.67358233524197,2.92835410179117,2.90907506941191,5.20023333502537,3.49475224555187,2.32018928070812,3.47714679849267,3.02416008035165,1.646586228472,2.65094594932222,1.08384975253148,2.08327073668038,-0.323694242124503,1.24913938156064,0.538308687752959,5.16057562391097,1.68361676420356,8.11628581287781,5.83092568315425,7.42117070332189,6.26882698370235,6.8816860789377,3.85872022322945,4.58871463587336,4.19984287776798,4.77017949919949,4.36461559866814,4.61293445456283,4.2240233392823,2.20898458879033,1.71349027251154,3.14852254789876,3.04867452851252,2.7259146414514,2.04873121320364,,
          Baja California Sur,,,,,,-1.44047988397628,11.3761152700888,7.11881590229717,11.5875193348883,7.23023129301075,17.9644975030971,6.27676147426095,4.41267287249829,1.57972313864589,7.17590091499451,5.17674808078645,5.83310721561186,9.72405967776848,7.97578537652508,7.16031656138449,8.91328204046953,10.4878596747548,19.7524284661935,14.3481058348879,13.3935421913604,10.2070902820539,10.520931912909,-2.68637697230004,-6.25064770079091,2.61388576785977,-3.42431202492486,-3.98892339511417,-2.1024150165957,7.70537356888634,-0.584119879667568,5.00883387362454,1.09001931251511,2.26342144531398,0.342130518043973,2.13920462499175,3.74529802360735,2.37464203811588,4.20637772648449,4.3226766700039,3.66120972406911,-0.902380783225254,6.49677259902961,1.10993437054492,2.52560263052234,2.29981959470449,-1.84962800056283,-5.42755759866346,-0.617713265369773,0.0881701129102481,-1.97551969764935,2.10716844613437,0.312895147109572,-0.721418087528988,-2.09900424201227,-0.135888041636917,12.3224984578892,17.3895924764929,11.9483240798969,11.3805988825243,13.2541741897645,-0.0462100174943174,-2.76516200032604,6.96352749569131,8.79785675109275,3.1767557276514,4.38182566697991,7.36874441548909,16.959909748979,16.2909655541091,11.4305810266381,21.8901534555491,20.6027763750897,5.61539231276515,,
          Campeche,,,,,,0.540607900529835,2.30147175297847,0.662181453989618,1.1115042451453,1.15031718979817,-0.629069131392981,0.378883632970457,-4.04881228737386,-3.57715938511977,-1.98452502523003,1.25937885073502,-2.24738808692818,-1.49194278721244,-6.87491659440134,-2.33535261201398,-7.66129544456976,-6.3953627905116,-7.60654351234703,-4.50235531437424,-6.57656937191572,-7.21802632077197,-10.7623458748595,-8.21483941514437,-7.655567045347,-8.4789501479295,-9.32479496796866,-10.313494138553,-10.1383834219082,-10.1359085895575,-9.97123128363448,-6.19073442310139,-2.5922730655562,-2.74738185296461,-2.03158230602104,-3.43113447199561,-2.81212956805527,-3.97476173704435,-5.58392400883737,-2.2002613066189,-3.6426890305398,-4.33487081504768,-2.98204835635609,1.23424332947903,-0.241977059432159,-1.61276404163719,1.50535793819584,1.91729702251861,0.752808267966003,-0.60865270205062,0.881101865349734,-1.75883257221369,-4.49656669486886,-6.79970781646976,-5.69321647267417,-4.68966772680226,-5.68495174099101,-9.05069017511812,-5.74077857873378,-7.78696360562333,-7.06096339746361,-5.6754242311347,-4.63555981882836,-5.96292622857231,-7.23230027708844,-5.87512483749637,-10.0750936959627,-8.28459974474592,-13.85973122231,-9.58312748351375,-10.4512391679701,-5.35773006316749,-2.63060929129506,4.3133872874004,,
          Coahuila de Zaragoza,,,,,,3.61806049916824,4.30221097284019,2.52878765902985,1.17595555005056,2.8793233789421,-0.821168396374944,2.99186271836021,2.65569656043694,3.74688584506468,2.16501376872986,7.14838692088733,6.14405515395057,4.42322922042722,1.36131636783416,4.71165781361309,-0.380928297482853,3.44280604878797,5.53882679912157,7.92373076634631,4.16044840960434,6.39502811542786,0.98564205682743,-2.69710915382821,-5.71225898722396,-0.429964764216578,-19.2548970344679,-21.2938884139405,-14.0594901919076,-6.91247958635137,-15.4515653928868,14.2594483135083,22.7867109660368,17.4650375520407,11.2373469007126,16.2876358581931,10.7788061081664,5.45042268432097,5.42852712066042,5.82786154146864,6.78747189490491,6.14949067578823,7.71652895250207,5.19058694288171,1.22918157831266,5.03523158504915,-4.32118179700146,-3.99170345534536,-1.93129264737657,2.02417733370621,-2.06437631077489,5.38112011662079,5.08060912098742,4.92064031357693,5.15568331640308,5.13145320195019,1.45240806657529,1.08008039003616,2.69186101292875,0.46936056443667,1.4183259446783,3.48898368323889,1.43064665381509,-0.678102272695369,2.47644595738711,1.65323745701367,4.23760003696698,6.73640099069841,5.26024072127942,3.90730620837623,5.02953376594566,2.0049489317896,1.47933623948325,0.442410996219692,,
          Colima,,,,,,2.71277563000743,-2.69840671408538,-0.43690123135039,0.962707340156015,0.0902348221935654,-0.587904679915809,2.59860819354539,1.04262819347407,-0.299714000141719,0.684604278884265,8.9450695430443,6.59445666556564,4.30877601956448,5.39367689839159,6.26388340474288,13.9576241459315,7.93440787057466,3.36572573804064,2.51251815729499,6.88312049199055,-1.92144425931016,-0.0736335667041175,5.83956451075613,3.88452667853095,1.84110953983551,-5.61471915661986,-4.22592087942414,-3.92857671430417,1.09562375839813,-3.17504269142066,6.93776338751061,6.26810638454289,6.08986433612991,9.60307160548861,7.25376115972331,7.25939646846707,10.7488950605398,10.0946066886111,1.41881060853508,7.26019497304611,1.49436282558695,4.034136450068,0.900896144683671,5.34442052614396,2.95107041524949,2.05137696317775,0.774598316739386,0.770350715601694,0.362569818582358,0.974327185798529,5.88869023648687,0.198162218202171,1.17006773668614,2.85974701305396,2.49964011577077,-0.699369794683378,-0.379703654626795,2.79206721404192,5.26147003379774,1.760869238026,4.80586620136012,6.09987703497634,8.03895993750596,5.53768393367287,6.11303770989167,3.84661330892403,4.72796063591356,3.71889606332101,5.74814798280738,4.53021964822986,2.19947509733012,3.38417257701285,2.25759596251808,,
          Chiapas,,,,,,-6.69873390166156,-4.51498924313,-2.47284425659031,-1.7903812999506,-3.92842575110427,-0.130357828136837,3.58551788463303,0.200639338504246,-0.428725472892751,0.798600271089938,-0.639939690676059,1.92310922334569,7.39357324777228,5.11326129331462,3.38553182681147,7.81710317496487,1.76724928807079,-1.77209771913162,-0.979483501104042,1.65932513450745,-3.73738933465286,1.94837630231441,5.10365314317636,6.13541159809343,2.2783216250476,3.27455953247835,-2.95792426958897,-0.8631763001313,-1.76555520812607,-0.616179326207373,0.664857783995515,5.32021444339883,9.39867363768367,6.9578121003064,5.56722253476809,4.63726770759504,5.70862207372409,-0.0449470209533729,2.3847851367111,3.12088013087816,3.62084778665715,-0.232991985505649,1.4717588516435,2.73188469098484,1.89196767708273,-4.54710500812898,-1.44897835819424,-2.38777393464649,2.86297941434692,-1.33751313406168,8.65219268061017,6.37671379825242,6.67437286160002,-0.791516787422381,5.06641462069047,-2.34571416857047,-1.08586814636203,-2.34622538254371,-0.608091351246955,-1.59050194225952,2.9034265587436,0.176691953875817,-0.689598132165841,-1.95882302904509,0.0883442946824999,-0.763875822703625,-3.99223533183159,-3.82669477003986,-3.69400129117112,-3.05709183924026,-2.20301864059226,-1.7779484421286,1.40987478919408,,
          Chihuahua,,,,,,1.94703073452376,8.63044995346954,5.94764135246383,1.7346528554754,4.50465407758611,2.73523539757304,2.2025488915443,2.76465997745441,5.53555041976719,3.33140454892553,7.62320589232675,7.20350486010869,7.92159508719148,8.46563358444618,7.81600700924112,3.27585295858111,4.51051029441547,4.15042500699998,2.43744337816148,3.57894537505312,2.58138015557343,3.63682704576959,-0.304311880783175,-0.0894591528947615,1.41331395808915,-7.47866228139137,-13.2287619370585,-8.55005304259987,-6.70126445741769,-9.00960772263589,0.939825200547602,7.5433166228823,4.74750270960205,3.47301333158481,4.16806514962182,0.538916973535208,1.16661851618053,1.8086945287439,5.44170019110666,2.30581384642836,10.1367205871946,7.18425417127446,7.7564381348657,5.03490214542293,7.42488563877728,2.46700337676928,6.97937887155733,2.64918388752145,2.8436184845025,3.72936411806324,1.99501215310842,0.0186963036865109,3.77938492527893,3.07762337724297,2.21872340952918,7.8347205037856,2.87232520074856,5.90876723918241,6.7391396084931,5.81890568101333,2.85694946200761,7.26581179612064,4.63674442718644,4.87681677898371,4.91701625647516,5.27652543208548,3.81690748970152,2.07369288463796,1.01434249722374,2.96817740448725,-1.69910594227424,1.67101369045963,1.67118220150361,,
          Ciudad de México,,,,,,3.20019196497192,4.04171994095267,4.54460170849163,5.80365390915101,4.4080392787921,-1.26660935492797,2.45810497906618,3.69889526754361,0.660719205603442,1.39840817107408,6.89484727873277,4.76597517085786,5.48927115367131,3.68813842398059,5.16503866654364,-0.66587841441708,1.14096796307366,2.45155478566788,2.67925147045514,1.42513386454588,-0.942618007069171,1.52750950226105,3.19354210208911,2.96217452565402,1.73652446265081,-1.03584291863184,-8.27170213692851,-2.75097777955577,-1.91606370767641,-3.58615230230933,6.34039326786701,4.95872757666214,0.692576607136303,2.61695761854995,3.57220780078438,3.32728488578506,2.60524404105958,4.82897226960783,3.451969145288,3.55127242367004,4.79823967156531,4.59704289090656,1.78338123973323,4.65144321009103,3.951672394949,-0.404942114057178,2.33927320646823,2.50650993712385,1.44240063295938,1.4856743192726,4.0060916582446,2.14282783702365,1.2147178163697,1.28093655975026,2.12464319410097,3.55124079075928,2.55782738077028,4.46709076261548,5.01783505424245,3.90792270353477,2.94681172640605,4.76163391314768,3.52404648993547,6.1662114215535,4.39084426641236,5.34031568500264,2.6428525769213,2.26838090133145,1.29991573235624,2.82736199565544,0.402338639154195,3.09328218449829,4.0284366600447,,
          Durango,,,,,,7.40142839239462,4.64819560561445,2.63747104919452,-1.57957747295366,3.09931469648093,-4.89157179780342,-0.130301209424573,-2.67447204992503,0.861509564493019,-1.68740312208507,5.22823199582052,2.26526225929693,3.90009487668226,2.63134636320532,3.4749231000274,3.23612309774623,0.335128075925041,0.110842650213499,2.14392713984302,1.44756493047964,-0.486033116025226,4.69288503309586,3.96442739746048,-0.597234198729353,1.85187725831506,-1.23455058057168,-3.22304275513031,-2.6244327662305,0.677318542044077,-1.59262211678518,1.2612994502597,5.62077138228968,3.73425339396232,4.45508991742119,3.79218580750647,7.5035703735896,2.8740140488817,2.59439962456689,3.9245289621223,4.16300024412277,0.586021367686101,5.78120195951009,5.47794296310164,3.15552247646961,3.75938154395867,4.14407649954683,3.13560195519598,3.37976063243164,2.77924361134554,3.33970297363213,1.55135766164274,2.42893377622839,1.95471333752421,3.46805208411136,2.37323309553454,0.554481605550961,0.829682150267615,2.59481387162683,-0.920989923499235,0.749192617945155,3.68212109535924,3.05852176207256,2.26375873539075,6.01494970952454,3.76683217896417,3.53006581621487,-0.131772431963398,-1.14265919194307,-5.661872803422,-1.0008632378438,-2.66368570928289,-0.88386675335741,0.599205455128413,,
          Guanajuato,,,,,,1.44821428745831,5.20249452076517,1.21219071630921,3.58372602307881,2.87410520353654,-0.228965941781311,-0.501567359668428,1.25037494429274,2.6913976115142,0.81436527123229,6.21284572113584,4.89832742135067,5.86030608037036,3.42231077153845,5.06380952271255,3.01907581783125,1.27986595676811,1.58152351467527,3.39786316395838,2.32026497432494,2.31410569255996,7.08647079745717,3.05012372416623,-0.619442383961214,2.9248931812119,-3.74267412824398,-10.102024761259,-3.29374846447496,0.39978908637967,-4.24423089098332,4.6866412350043,10.1911195183577,7.49910850794473,7.10575787034622,7.36882374845362,6.63517399697047,6.30537816682293,6.35216176283934,4.77476414422311,5.99311020256033,5.32002416253606,1.81411240110863,4.145996380971,5.34600174284165,4.15183290687193,2.29964725284158,3.7740554057135,5.55725538472447,4.8303688935769,4.14304273167947,4.20729766059169,3.17850192518516,3.9906096610777,6.26744070301338,4.44523938166117,8.46963027068297,12.0976890441365,4.20236372229188,1.81159520001168,6.47588943151459,2.33545267645687,1.76016328216757,6.15631686852242,6.75010311167034,4.27061372287642,8.67436932312033,5.3917078754497,3.47327645327151,2.31074592307247,4.87233012459751,0.675049481037334,3.25315161163371,0.448868578015464,,
          Guerrero,,,,,,8.33881471774389,5.39041268586134,6.45773070157264,1.74648267371016,5.38757582566365,2.56931372623801,0.0323549738492375,0.609071089096886,2.33272101227651,1.38246913316526,1.11665762837001,3.53483737120803,1.44036116386262,2.7572460633714,2.21327938434339,2.96401697022581,0.964028920818748,1.80124909887513,4.88011601681887,2.67573489158856,1.88755067692101,4.98075440237278,2.62365092814045,-2.48909383764591,1.66194471283754,-2.74605380940368,-7.52917487766128,-3.68326784955597,0.399982170046115,-3.38262811586627,1.16074596462651,7.56327048852845,6.63235291780894,5.79687896553278,5.2928105908655,5.12993865683968,1.40210285668172,0.149246725257129,-1.39451522517392,1.22121401427336,0.465805314485522,2.77357608822446,0.759949944686483,2.7433684344997,1.69728684837767,-0.541858942147883,1.3740162130869,0.85262775446229,-0.399302242463321,0.317669405670927,4.72725318057692,4.25692224094969,3.79458659011371,5.84159854525583,4.66606297380676,2.68674795589196,3.24446874472774,1.01510360414775,-1.51167755155961,1.31126178060286,6.53971680379458,0.0585270712758899,2.25344597012726,-0.0460963740700748,2.14856605895604,-3.22650059175486,0.0904211612676988,-0.0760866457571154,3.27103010790056,0.00242312151729607,4.3199323345484,1.72899953412676,1.93703566398848,,
          Hidalgo,,,,,,8.91387323531731,5.9877698692639,6.74201376082462,5.28797712175057,6.68113284201721,-1.88924255636014,-0.213316922813846,-1.01257160177816,-0.0395274916853481,-0.770452999016726,3.76799387473483,2.86445290943662,2.19180801781829,2.45581990797837,2.80457116037083,2.21799678222052,0.412488733438849,4.11695629749258,5.97289970358383,3.19894609085158,5.47998078805394,7.03338150024284,4.61980784071656,-2.47026030155415,3.54313025688997,-3.95911887295077,-9.12928688870058,-8.53785098217276,-3.51336646425759,-6.33102852785075,-0.567654376276963,7.53988057116557,6.11296794968294,8.71057436026842,5.4823592213566,4.45988346358635,1.61529592023453,6.25617517035575,3.7796152403281,4.00652385159054,4.46848705625109,3.14720968794646,2.01273984409229,5.66836886002902,3.83457567204208,2.5186401030945,6.4378884218861,3.6900225975436,2.14674902157184,3.67409011344427,6.05278322066236,2.02707602378351,4.07632658311823,3.76840769412658,3.93831431509923,3.16709298393172,7.19311357055687,4.62824034961091,7.30442279731697,5.62397061485358,9.96277555552744,6.18008992682341,3.01562392745194,-1.65631512763296,4.16827408846427,-0.955815410005712,-1.59674866098315,1.10501721395084,3.07496733580138,0.407700865218914,3.57168865828359,2.62845476420115,2.99233682702965,,
          Jalisco,,,,,,3.21723582645639,2.81600252835024,3.17096305312592,3.01704882286558,3.05437635511483,-1.3300794494898,3.50948514836267,2.16622163578305,6.75321595576351,2.7941200212011,8.75218873903955,5.02511809920215,4.12259779830902,3.19324229591966,5.21071285613428,2.05909852237343,2.54921765035272,4.87253336584432,2.80979714901981,3.06205527679309,0.682094739166942,1.91034958041236,0.989094350791248,-1.14966626656279,0.59504828380021,-5.46149396772807,-9.31369294281154,-4.89064439516905,-1.32990415025928,-5.25318446443409,4.79873824451202,9.39084777353834,5.77297200688946,5.43618622137423,6.32558093838919,3.26205287202059,1.45705643275393,3.52227885190793,3.74480334052178,3.0016276674156,5.25683506892294,4.04972569019148,3.56452570107744,4.81680579762282,4.42092333014563,1.05235492824553,4.7539387132326,2.03842510964924,1.56576101031712,2.34029314188922,2.5502502441511,3.49251848955876,5.01562112662594,5.89195601546693,4.27116438127533,5.64151774315336,4.00441424421328,6.7536215805504,1.06293886611452,4.29327826370015,5.39949288486079,4.46165647993718,3.86830654913706,5.88601965494344,4.90147959869635,4.47362228054151,1.41255158033661,2.3638766221226,2.33159442063136,2.62664601748328,3.71072348004358,4.86367334601267,2.51215077609675,,
          México,,,,,,1.40308887900392,1.16971681544509,1.50001463597516,5.6771707925962,2.42628130514306,0.719573707622104,1.6501155365406,3.37701038751221,3.69504140077194,2.37800460768618,7.52667024542961,5.14484351088282,3.23541793482998,2.97825180925659,4.66856836607002,1.29262242350809,1.91432910442335,3.94757674689454,4.60222340175879,2.95093618156415,2.28766815341046,3.78026455778742,0.995269158190752,-2.35910823676649,1.1383802771134,-7.17213809923022,-9.3887644583652,-4.25144043479823,1.06373368471162,-4.95903777661263,8.67172805603383,8.73068322783949,7.60712224646672,6.10049580735621,7.73545381798013,5.25727192721128,5.87837415228705,4.66761947872621,2.78312501770417,4.61639012152968,4.21400967170975,2.60255525340163,3.60023855985668,7.1383228198757,4.40581983251364,2.71750507824417,3.22804744541767,1.85310730344726,-0.12853888254638,1.87759091896767,1.70015196871421,2.94397875316513,3.0975274551938,4.00463598959087,2.95644723985808,3.72660706099694,1.39385920680336,2.49700229958198,1.86611426226644,2.34843465328989,1.25112496027573,5.09539287047566,2.36119371119867,3.33044679077325,3.02479077291858,4.70540194440665,2.65187049250876,3.34119576400542,7.48833580582196,4.57213884020149,4.11657429000691,4.08510031943401,3.12291461283792,,
          Michoacán de Ocampo,,,,,,-0.181548767958787,2.61841630328551,5.91616229583882,0.720679836166553,2.2254813562778,3.72044244912769,1.97723711238037,-0.981576059398463,2.00779781351517,1.66258843324228,3.75450609880785,3.56487541981767,6.05868141844485,5.45694813015199,4.71365596293776,2.69251088075586,1.03901166957301,1.12852545806103,4.75381177201592,2.4405458151755,3.51615729779422,6.70103155538213,2.68388518763152,-4.44566618215495,1.94525231875741,-8.2130298483868,-6.41843071593445,-5.51172830025372,-1.03044353672485,-5.27549755710987,5.50711521444045,4.97207801181399,3.99416498533145,1.81480622153363,4.0265283922059,3.56455847565354,2.753785841271,3.98478044435279,6.02472304093875,4.0963445210259,2.40749237180337,1.12013214135303,3.80362076264574,2.88723704414582,2.55034744047278,3.89461767073014,2.6848732993854,1.09720253862466,0.902612522892412,2.11220498391585,8.97184277664911,8.84605258516675,4.56273200608597,4.14442865157463,6.60127344585236,-1.67639501005442,1.50756483590288,7.57533703128992,1.67376696014591,2.21091112832011,4.47779110033011,4.63152264535587,0.567164439143937,7.27491189400482,4.2384533435087,5.9529755049907,-0.347439713319801,2.38833251105109,4.54802472473294,3.11513095979028,3.40019671263663,4.32008465847598,-1.6736148765727,,
          Morelos,,,,,,6.35712926902843,-1.19999992395734,-1.78377595405256,0.985093461227748,1.06230593971797,1.5882812324605,10.624125487227,13.5317781212415,3.78589950952697,7.22734983289426,-0.76283018844417,-2.44252528447633,-4.37059390753525,0.393927183477018,-1.81087660954161,-3.46341833417596,-1.20178615617087,3.13929840615216,4.00842369117107,0.682343522075698,7.64121522062958,4.3418415210336,-3.25332433506583,-6.72012652121013,0.205018886291811,-3.12664341835792,-9.69154915260857,0.504183198531479,9.28641266385198,-0.780422036389211,2.29830559335855,14.432999005162,0.746878836319567,-0.404122094286095,3.94189689844818,0.923161044008296,0.492710933112434,0.648017902282305,-2.58131802909773,-0.175089068379435,0.84431966250844,-1.81449963291408,1.86354653928255,1.52647959379509,0.595236799826722,3.60312308846287,3.90761418800368,3.21738753498677,3.85011158302629,3.64693068642742,-0.0400379786542544,0.804488410985456,-1.45336279714166,4.92561024072987,1.11138355533569,4.83335225692896,2.0058393977215,2.37821820010693,-3.62926053124666,1.26093654536909,-1.73854108189268,1.59395269782874,5.64884480177479,7.04331575961076,3.14249422143595,11.0658170886315,4.26491034086717,-0.207545805327541,5.27144325935016,5.04538891521401,-2.53266415908217,0.436964387607901,3.75253149948247,,
          Nayarit,,,,,,15.0652688480032,16.303507722186,9.96692932517338,15.160750397687,14.1570113654781,5.74952183675339,1.62186002467932,4.91946464789072,3.4153534956306,3.90245217289203,0.347342531492643,4.6602718620467,2.89489104242999,0.646196258453614,2.10020364563076,-2.88280741700855,-4.8308660159264,3.2338351324812,2.5901837932671,-0.532109120327348,8.34768752075887,10.4740097877388,5.88410199230773,4.37894676209503,7.21853633847891,-1.94037246849283,-6.10997408567404,-9.01671153051876,-4.40002511665077,-5.34564766514572,0.841705822308001,5.70139678373225,8.60277501453962,5.60574599007386,5.10287410438124,3.56974056733877,3.69745673827799,2.07960147580353,2.58028851297112,2.9840890985829,-2.71029097044426,-0.032091510267918,0.837377159127129,2.24677300639937,0.0953852164101505,8.29926996424082,3.6753891286222,3.25657675380148,-3.51878071256287,2.80479914098196,0.123594728105431,2.76332905734296,5.81151612573665,13.3525435609497,5.44305908651334,10.7476082952991,8.52197904578622,2.749858714393,-0.949163182525652,5.13937318055342,-0.69722774271311,6.83269838926728,5.95267487841409,4.85433048908079,4.20453636727673,3.25066044626578,-0.472084038762475,1.82834706976642,2.48975530162114,1.73766021930304,0.874732876781479,-2.16386206425553,0.879942360129874,,
          Nuevo León,,,,,,3.86151619228052,6.08905703808489,5.71950037258287,7.16976628318771,5.71634328102839,2.70952764164024,5.0021438491771,5.47186824867572,3.54346282629052,4.18869043996875,6.42488252121944,5.6493218527196,7.17148106517176,8.48000421884049,6.93431669437513,7.01260870448139,5.41093974283476,5.18758516588179,6.83980157980248,6.10438198919219,3.28333154169019,3.84550777408323,1.63508314634169,-2.31523481247389,1.56576533736529,-8.76279652341393,-11.3117232046747,-5.0605530231194,-1.27067218132773,-6.6290862083719,6.80913758452859,9.14653799980256,6.86951265798994,7.61401257012859,7.60538663853882,3.68211343189398,3.92174680335093,5.01156044003264,4.73390811173897,4.3531698960237,7.06285964492703,5.26543067428322,2.85123004437358,1.61218565257879,4.11338485531468,0.758042489129849,2.54324265802923,0.539204324460172,0.201503170216895,1.00394585079965,1.19863246767295,2.50321282839445,3.49880484407461,5.86621200233341,3.29466450201777,5.55597396940797,4.44400483219663,6.80525472283249,3.01401204264108,4.92416436707637,3.3525515823341,1.00515280768691,-0.109103853915656,2.28334416676297,1.61082318327395,4.15258780303454,3.32629089549145,2.9271003474183,1.68426633877392,3.00226064564042,0.728418763232952,3.65858419567648,4.24423951976358,,
          Oaxaca,,,,,,6.79290957756538,4.63072773387729,4.47753082658382,-0.263401442694388,3.83972496737755,2.23483481962737,-1.75254896292958,1.95901790163113,3.16983432302686,1.38549099482488,2.79931502535165,4.60121980346273,0.307335919314426,0.467182090711773,2.03407756599549,-1.37215886924402,-0.307355407194649,2.42719872510907,2.61844089586884,0.821833003565843,4.02293024493979,4.47478966490469,0.868105309320356,3.02088266603377,3.10188617331062,0.956344485589966,-3.90033341469466,-1.22863418396119,0.43084771687279,-0.93678929458882,-3.30349925126123,3.13715989741019,4.04013536461414,2.66783537764191,1.59388310614261,3.40747805932691,2.52271288459281,1.79447703235984,4.25354135369666,3.0105316328327,2.19895654949688,2.15322137086902,3.1813087176066,0.628195430288628,2.01073224150518,2.71803658071097,2.83510400165545,2.99324654742952,1.26304164393105,2.43482991428796,1.92756846399182,4.07761120105179,0.584108739219275,1.61944162216921,2.05270328885273,2.91478961757608,2.62202190983048,7.03426183797882,3.40688035278116,3.97191089149611,-0.901612783427865,-0.0750610460531362,-3.47495566396991,-1.67558594672369,-1.53805695770187,-0.162260266171671,-5.19652977675675,-6.27151725306274,-2.35638669145044,-3.51232416348113,2.29114037129334,5.34268509691015,4.67033563000811,,
          Puebla,,,,,,4.80270567379795,2.31387178096006,3.55460217145178,-0.504638286008841,2.52601706781428,0.990682495698692,4.52972742678254,4.23059326446537,12.4205630244551,5.4867987404933,5.92079681384405,3.53629318190876,4.07414984354782,4.31382860927189,4.44255702412823,2.80745809153488,4.09292126559409,5.27272075904899,4.44269583732708,4.16307201400414,2.73298517784171,0.762672058193886,0.988885203289655,-1.60953137323287,0.67639008346228,-7.95668983208803,-10.7609960088454,-9.38224382839051,-2.99377691226141,-7.75973652509354,5.35164313484256,11.1266292309539,10.826618584302,7.37885314812219,8.64332152834405,7.03320399713827,3.52693287454844,6.27263876450537,3.25521894232021,4.97595352875264,6.54859022197761,6.98534686202537,5.84541855038101,5.7045091221735,6.25775489964954,0.103029667393997,2.07230535153708,-3.65670042487629,-2.1585707725912,-0.947972880979805,-0.271096051451664,-0.489542026656594,2.35764262955477,2.2849907114981,0.972738368896685,4.56264988144559,2.91947608414884,1.53649349635801,2.59694048189975,2.887561128211,0.706712954984084,3.27068312590073,2.10478478966722,4.0378571295911,2.55074947769307,7.4995349714509,5.18814662263483,7.4166840826859,4.64966418614921,6.15246265847811,0.867473258853764,6.27727301705588,3.08813551608476,,
          Querétaro,,,,,,4.23540972440935,7.09181086553939,8.93719411666778,9.4128107733106,7.45406012561847,7.65746342878997,7.83563053645146,4.8182233740897,6.81316228438928,6.75416663749012,7.8970867992237,6.43964376476418,5.82638037329583,4.85512549871888,6.22128478237489,7.00552871613826,4.25177623608144,5.3719860787777,3.85174961808168,5.0972596900185,1.18744323476234,4.68767633913025,2.1821187653031,1.85306908986081,2.47636596397984,-3.05528668193918,-6.06846131914041,-2.57108573902428,0.169164494268088,-2.88739122513324,4.16526496445913,7.26468885134086,7.2004190809525,6.6014798901391,6.32299175750772,7.08089341887026,5.98672047583131,7.81116194338844,8.89609932551816,7.46758026371049,7.88286899204,5.22304534469451,1.75684879987736,-2.05185442323815,3.05283459319156,-1.49665853677962,0.0516920674560311,1.47179361974155,2.08022946818845,0.532637076347427,3.6072616072921,6.38928299074819,8.19263565481512,13.6578354129606,8.02006639050275,11.3836260081739,8.4312428562511,6.29698149034665,2.52554130061775,6.9962126068753,3.61605618803726,4.91090449365072,3.3164272879566,5.61559740440418,4.37456963169709,8.25465479215825,2.96056202547616,3.04701640409688,1.66066005442758,3.92170064504296,-0.322020867162749,2.17152927588377,2.95015184291425,,
          Quintana Roo,,,,,,7.45275932761702,8.87926742184857,6.9390491202989,11.9976096411377,8.81114290598015,10.8964893455779,8.00066560369498,4.83350866263024,-6.34190714471058,4.2946333999315,-2.13354257955724,2.25817725461297,8.32531282678346,19.4735712945524,6.5266066226134,14.9897251501604,12.8424911137501,6.20736203307939,8.66184396271059,10.6329308404648,7.84181167738727,6.55250604908784,5.90785669155159,0.676662036291148,5.24300577963712,-4.85610344283381,-17.0202682951868,-8.03846199433634,-3.76983530867817,-8.54445487266757,-0.188768989765407,12.254189394307,4.76086623467344,4.31101142383461,5.10421200042192,5.16411144897913,3.66533667141834,7.34952338041337,6.26130995042801,5.58805353992746,6.0824572742445,4.43866758833637,3.51296892613679,4.67556001998153,4.68616538422238,4.161964939588,4.98451059573793,3.91100800411688,4.66799327777298,4.43317351879156,0.633817730803415,3.26179988338795,6.21916154769355,4.91047685857919,3.72387414326087,3.32834942990901,6.72807207280155,4.69849856816896,5.51065032666804,5.071754736236,6.66687667629789,6.89899506964571,9.36177975295092,6.25063381808282,7.28317517721425,5.06377805943255,3.4350449859586,5.38952074000858,3.89572164138492,4.43830431566255,4.06405934696818,5.0662111913649,3.65511181575448,,
          San Luis Potosí,,,,,,3.98449330239229,7.5950683688115,3.90037469315196,7.98469819227074,5.87844799427077,5.94859866118745,3.0552188587981,3.81996242283729,3.75692790779219,4.11679391883237,4.5764280670832,6.27151409452364,4.95294664363,2.72674707677822,4.61456088812957,2.41725815278859,0.934785733977634,1.26223298064745,4.14146420176718,2.19068056884556,3.16700067371083,4.49950871530437,3.29092677567897,-2.12687616522491,2.15967989161932,-5.78598612749445,-8.25930567991632,-6.24129116570799,-0.617149928321979,-5.25065923055777,2.46945816970351,6.72817124409863,6.56619727559864,5.36580999649976,5.29664742329787,6.49811559028753,4.24711499035359,5.39980550575936,5.42498776245326,5.37664252992565,6.0681470611389,5.56814882500225,3.33254626004462,4.0267947693374,4.72457784239944,2.72429637173128,5.18129973302344,3.63362038756607,2.72634954062232,3.56633834852256,2.57561690800819,1.14174563853521,2.23874482058797,3.77757630585947,2.43561900618643,3.71540440671166,2.82618179370155,7.79471777087998,4.41038166746979,4.68218513559845,3.03841823926712,6.57542849149053,1.29425737443798,4.24456505553079,3.78070813556302,6.85779644754483,2.8625733264119,3.72494614239362,4.25931097801957,4.38762123417614,4.36953257887114,4.13505749449983,3.72866949534563,,
          Sinaloa,,,,,,5.0424777545242,6.27432840095001,6.40957550852687,6.78251937148539,6.11807639896371,-0.441523407900021,0.826782053600581,-0.0207713123016475,1.07150132996057,0.3688105676422,4.37451824700345,1.27921814748191,2.83351814259755,4.35714615377447,3.23519104419594,-0.147997828087057,3.81459018202695,5.92182580564571,5.08859272240861,3.61782652458275,3.80914397826588,5.84589639351485,4.04420181118435,0.662711457900528,3.52011426973668,-4.48613410663741,-6.35390347119473,-6.62126235012362,0.29984803766709,-4.2084173945852,1.95007874105116,7.04875355352431,7.04480485680314,-2.49528663051191,3.1639753319082,-1.46329152185032,-5.89963980437742,10.2655859804629,5.29393921352255,1.95343821358114,9.81404250606298,6.81174678593291,-4.02526318434957,2.56679866519643,3.58534738230286,1.97183454444452,2.82030580797574,-2.41776879327314,2.17846724781853,1.1829262426794,-2.70279567249379,0.693698629502265,6.99654369750562,3.82940950114114,2.12947698798484,6.88056264493721,5.23079997863458,5.53843971685318,6.55818703354743,6.06444592493132,8.76801848208315,9.76432060165142,1.97819319916863,1.85485691693033,5.48409659969191,-0.895887725463552,1.09845798487143,2.23729656414061,0.598657141749754,0.731833613792361,2.96335136052406,2.52466600118039,-0.0323784919650194,,
          Sonora,,,,,,5.56504264061823,2.84134333896795,5.4582169489438,7.00250104769142,5.18436352218718,4.33015139279827,3.56409125414079,4.04667966896295,9.26407543030183,5.30500982274408,10.7878544496665,4.61743132707394,5.14578226299307,4.23417429052586,6.11140491570407,2.16076950184116,6.54271809751899,1.11516871580673,-4.22435700930311,1.34353229781586,-3.74959699830602,2.0983933253105,0.466877175208509,2.3790755769998,0.303136615206711,-8.91687861294626,-7.34481448248516,-4.81105067336188,-3.07236433919891,-6.03203184892674,7.43908168379062,6.23429602829977,3.12709924805176,3.9586444075471,5.14838509658159,6.59456011861361,6.60420614582588,11.5927610850023,12.2896415078699,9.2718593635318,10.1144717786234,7.7561704393551,1.74216748659669,1.57789112389699,5.1782256616746,1.70737036219451,3.45331713105057,2.8623847345707,3.51365541493085,2.90157069664194,2.41325082544061,0.729583077853249,1.55353677129619,2.25544635119932,1.71807169472957,3.2417950743268,2.5731708618635,4.13494584312306,4.2792857758911,3.54748557043258,5.43709062030655,5.84971350192325,6.82710373127686,4.41403398828987,5.62428546633862,3.76851934696315,1.85390145707942,-1.12600304284938,-1.13273967696828,0.819732788155562,-0.0615999097052935,-0.344438207104403,-0.371035515096139,,
          Tabasco,,,,,,3.37595958963442,3.88269935098926,5.82343242737693,4.3660585723526,4.36169645812754,2.62274329898895,9.53042140872145,7.91398891854307,10.3339088569245,7.62613030519495,9.55265365635056,4.15613975193112,5.92398515310603,3.71163813431576,5.75422767196034,3.21664763966641,3.8476839286141,0.503591935330405,0.42671736313406,1.96930339238533,3.6324926142004,4.11642826229865,3.9750785776943,6.84079693242299,4.65198818387138,3.89690435924248,5.8873521248015,5.26864032309651,2.47023841079685,4.36473365895131,7.81333503808519,6.00050179724683,4.860184386802,4.83697122768835,5.86109238669556,2.7396416847135,2.28615445849411,6.01116672150552,7.82603707878258,4.71212718711358,5.72870460240816,3.73490398701442,1.14420892313241,-0.0430973611565122,2.59257021804744,-2.19845753989726,-5.1910589838163,-1.63996851449754,1.65223790530844,-1.83963368000556,1.18497550450249,4.54920300437267,3.90146489337451,-2.68135990933361,1.66126851151363,0.506243838776555,-0.118753496382439,-2.66396332038184,-0.362158652524116,-0.667612930180155,-0.0336137080612673,-5.12851156944679,-7.6285560320936,-8.06928497945421,-5.20575768012178,-8.12373876545888,-3.25266776373513,-2.57503057304338,-5.62942764759548,-4.95734758769996,-2.85144631228444,-6.83057377841367,-6.43096732301159,,
          Tamaulipas,,,,,,2.65173984202079,3.17045149296908,6.41690100068244,6.76474129228029,4.73430000331119,4.49573465087667,8.6463589179334,6.43648743710605,6.17637651255205,6.43194760045931,4.23224902541202,0.942082299548758,5.48843852819336,1.45236524837851,3.00539018361702,3.15408461545061,3.65852534436324,0.989196451346828,5.03954735466661,3.20246359542595,6.04954027485765,7.44535897217887,3.86854044372409,-0.530705107932079,4.16864730376633,-11.612167745432,-13.680141073113,-8.6976957775895,-1.81237281146643,-9.02271232521682,3.25758127008251,3.40886475336313,2.37745651063722,-1.09308019627643,1.92745885354533,1.65381131386528,3.31868013679623,1.95735635280776,0.750450155556678,1.9083292969469,4.78450500060401,2.57992682333636,0.6564063250581,0.44103129293056,2.10233084737035,-0.875187005819228,2.43572040598836,2.1289677108733,2.24639349621498,1.47309194011473,0.926344651057647,-1.85364201052447,4.10041863059926,1.37056012686507,1.12187584817778,0.97315355882219,1.64910067032042,1.83421941020541,5.59100800912596,2.52053528332871,3.65171642669897,2.04706936343094,-0.120675783885503,-5.2082849993905,0.00852972079545111,0.247917331140883,0.418637348485078,-0.93291425171175,0.224814729146544,-0.0146349982293259,0.29578183988275,1.02505000222462,1.6024627719401,,
          Tlaxcala,,,,,,27.5346654610268,6.07671451021972,-0.981110436504451,1.49584071769395,7.85010725489903,-16.4693177429053,-11.9157893722122,-12.9278832843397,-5.69746230486142,-11.7056266358649,-9.76054270637202,6.30045763129475,6.62689149347615,-7.97111135800273,-1.75246880012746,5.72273879340814,-1.49160029129641,0.954299537125053,0.992857752762916,1.45030363173572,0.403026505580726,4.88630112656405,7.48081111563683,8.30912000389381,5.34957892215806,-3.44317821452699,7.34754707222285,-4.58300365262497,-6.11437167647362,-1.8105924903427,13.0366972562527,1.26873063347487,9.89203347503258,11.2654593972883,8.64986226594236,-4.87971126448249,-6.98812522711704,0.100794279249342,-0.95105792164226,-3.12819695026046,9.91018260683001,10.9098334070201,-3.02139581899232,1.36194838077105,4.51794183014552,-6.07354895794833,-3.5735661577917,2.22763797966306,-2.45390884319103,-2.51444958369129,3.70041126387019,-0.194709760381059,5.49535643345584,3.98274759368714,3.23835023550028,7.93221462333334,11.4803852075427,7.41228200307562,0.789446006012497,6.75471853207003,3.84056596842211,-3.27534991142987,-0.999169820677068,3.4225657139455,0.691351454066762,-4.57838799769151,0.393943744451832,-2.33545538635278,0.685445049190747,-1.43589051047249,0.113207443384098,-2.7519674201869,-2.66729382163146,,
          Veracruz de Ignacio de la Llave,,,,,,8.47227618838431,4.5010302757869,2.34622625119549,4.4093137783245,4.93314445571073,-3.99959454684533,1.20672810261127,1.8632875793131,4.2318305639282,0.783852167640788,6.14584688686131,7.13959263146802,5.61899545765834,3.17678111239461,5.49400828835525,8.60427157062506,1.34563701853203,1.15382426728145,1.28104091070884,3.07515643353635,-3.95531004824059,3.11546379522649,1.28526531030634,-0.964754351731386,-0.183465293879948,-2.42351799389819,-6.30059564365911,-1.87367022178516,2.06695098999468,-2.17695991796857,4.21803579467436,6.7149383675107,3.27699552018133,2.78167788847261,4.2333730721337,2.33348434061043,1.56521005861548,4.7047087761195,7.34789026443295,3.99209621970671,6.34019333180886,6.19379956752763,4.09259772193408,1.21543642323203,4.40705948134436,0.328319716203509,1.03924312398982,0.793006621801482,-1.28460728271958,0.208641325625507,1.57322949195628,-0.216501835407087,1.0986726803807,2.41784223258826,1.21587222229103,0.508291674893641,0.970304345342782,4.50937349173293,0.73536929427307,1.6596821760198,2.17905283945498,0.369255426920944,-3.36506019722043,0.571420760673163,-0.0684361362087316,0.43716397105517,-0.0299039730379747,-1.58096243290291,-3.05252826086388,-1.05452398488765,-1.92554778092206,1.79819379883736,5.01633509540031,,
          Yucatán,,,,,,6.10374656971966,5.79060105901543,2.83722857662734,3.67493682449623,4.56410041298507,4.54173422933049,5.08316837827107,2.93686839879051,6.06302888283435,4.6705861704946,3.07919977005973,3.86921034334374,7.65560739478039,4.7434901417529,4.83580959255745,4.99334543437715,3.32896358007247,1.66349649748202,2.55486371654776,3.10276866707679,4.06070631164673,1.63415239599986,0.774619608410831,-2.17537034885422,1.01536312945593,-4.05074713505657,-2.23100766179213,-2.1151568323269,0.512496970431471,-1.96375745547019,3.4192801361707,2.64144570094653,4.33587539130377,3.92456259184839,3.5827674011169,1.92518637274948,3.8680394991148,2.95448916039933,4.91358530348793,3.43811860791408,7.02680893273318,5.7317560284019,6.29129127502243,4.35551036319757,5.81917545038841,-0.0671916650593545,0.134494541094369,-0.137875054143336,2.0162341275292,0.506584186115489,3.17118802806446,1.25779090685951,4.81394787346929,4.23061065193298,3.3843507640774,1.80920705717438,8.43571875407511,5.28547569340894,1.08579441567869,4.09244504388022,4.21160968202091,4.56252498283452,2.55641755590446,6.22785577053804,4.40072829969753,7.40741105166644,1.23439475987561,3.44221622654179,0.168891548758808,2.95866138520169,2.17583776526944,4.26614873996769,4.31828887576245,,
          Zacatecas,,,,,,6.30150637153437,8.8547034993647,1.3581150717626,1.26845712961743,4.19931887425867,2.00436721955535,-0.516818053263279,1.49003608247288,-2.63421040810385,-0.00307171171401421,5.18084745054691,4.67873380173509,7.97590093520559,6.38025323012748,6.10149451875553,3.39513983850711,4.74321008051864,1.67531648069937,3.9562809122196,3.41345857309791,9.68763308786546,9.10320786361108,9.69014959020296,7.67969875406831,9.01231288633622,-0.814426596296514,3.62904872192466,3.32816398679385,6.45506956707574,3.26658088875631,14.9414174847813,11.5150884180699,11.9561663943461,5.98232082290704,10.8944485485433,0.21167985846273,0.839205415371808,-3.42154042555684,2.90894198407695,0.101100697896911,7.15434846306897,1.9608977706997,2.51729394887906,-0.440828228561756,2.65863869548559,-5.18385228334778,-2.43633344284825,1.71046297551827,0.592025826684221,-1.25722263666816,4.48759165193049,6.94798428754862,6.96426829672585,9.10700680898798,6.95199749190711,0.154957029447658,4.04599323549304,1.98663216392281,-0.643615620981421,1.37443125947058,0.431547161983303,-5.21276763198301,-1.24853753447806,-0.421206318406988,-1.65320730702511,1.63129283498289,1.13067928165323,-2.39307591240852,-1.72090563958936,-0.448722524286154,1.77529059585311,1.1233241065169,0.816823886988004,,
