Año,2003,2003,2003,2003,2003,2003,2003,2004,2004,2004,2004,2004,2004,2004,2005,2005,2005,2005,2005,2005,2005,2006,2006,2006,2006,2006,2006,2006,2007,2007,2007,2007,2007,2007,2007,2008,2008,2008,2008,2008,2008,2008,2009,2009,2009,2009,2009,2009,2009,2010,2010,2010,2010,2010,2010,2010,2011,2011,2011,2011,2011,2011,2011,2012,2012,2012,2012,2012,2012,2012,2013,2013,2013,2013,2013,2013,2013,2014,2014,2014,2014,2014,2014,2014,2015,2015,2015,2015,2015,2015,2015,2016,2016,2016,2016,2016,2016,2016,2017,2017,2017,2017,2017,2017,2017,2018,2018,2018,2018,2018,2018,2018,2019,2019,2019,2019,2019,2019,2019,2020,2020,2020,2020,2020,2020,2020,2021,2021,2021,2021,2021,2021,2021,2022,2022,2022,2022,2022,2022,2022,2023,2023,2023,2023,2023,2023,2023,2024,2024,2024,2024,2024,2024,2024
Periodo,T1,T2,T3,T4,6 Meses,9 Meses,Anual,T1,T2,T3,T4,6 Meses,9 Meses,Anual,T1,T2,T3,T4,6 Meses,9 Meses,Anual,T1,T2,T3,T4,6 Meses,9 Meses,Anual,T1,T2,T3,T4,6 Meses,9 Meses,Anual,T1,T2,T3,T4,6 Meses,9 Meses,Anual,T1,T2,T3,T4,6 Meses,9 Meses,Anual,T1,T2,T3,T4,6 Meses,9 Meses,Anual,T1,T2,T3,T4,6 Meses,9 Meses,Anual,T1,T2,T3,T4,6 Meses,9 Meses,Anual,T1,T2,T3,T4,6 Meses,9 Meses,Anual,T1,T2,T3,T4,6 Meses,9 Meses,Anual,T1,T2,T3,T4,6 Meses,9 Meses,Anual,T1,T2,T3,T4,6 Meses,9 Meses,Anual,T1,T2,T3,T4,6 Meses,9 Meses,Anual,T1,T2,T3,T4,6 Meses,9 Meses,Anual,T1,T2,T3,T4,6 Meses,9 Meses,Anual,T1,T2,T3,T4,6 Meses,9 Meses,Anual,T1,T2,T3,T4,6 Meses,9 Meses,Anual,T1,T2,T3,T4,6 Meses,9 Meses,Anual,T1,T2,T3,T4,6 Meses,9 Meses,Anual,T1,T2,T3,T4,6 Meses,9 Meses,Anual
Entidades,,,,,,,,,,,,,,,,,,,,,,,,,,,,,,,,,,,,,,,,,,,,,,,,,,,,,,,,,,,,,,,,,,,,,,,,,,,,,,,,,,,,,,,,,,,,,,,,,,,,,,,,,,,,,,,,,,,,,,,,,,,,,,,,,,,,,,,,,,,,,,,,,,,,,,,,,,
Estados Unidos Mexicanos,72.1268141618242,73.96515102475189,73.37887622557011,74.39735023286117,73.04598259328804,73.15694713738206,73.46704791125183,74.44626964515469,76.78024028296875,75.85888134400504,77.35848981836413,75.61325496406171,75.69513042404282,76.11097027262316,74.66102561241638,78.52965154042344,77.58185890591645,79.83937829234623,76.5953385764199,76.92417868625208,77.65297858777562,79.13476302491156,82.17594121382153,81.46153038496418,82.62383401582609,80.65535211936655,80.92407820789911,81.34901715988084,80.80919936618332,83.90259547071418,83.31153432213398,84.67389657214527,82.35589741844873,82.67444305301052,83.17430643279418,81.32524910930363,85.71750265437885,84.10627820509004,83.9758121288272,83.52137588184124,83.71634332292419,83.78121052439995,76.03983197079648,77.33652092167888,79.45596397359942,82.48900604687913,76.68817644623768,77.61077228869159,78.8303307282385,79.7428485948029,83.04403459436476,83.50105561608072,85.7908392301381,81.39344159458385,82.09597960174946,83.01969450884664,82.83468751010966,85.25473967075723,86.77119110294439,89.19691173780872,84.04471359043345,84.95353942793709,86.01438250540501,87.01606584931469,88.87521062719165,89.01501232982031,91.80596673037373,87.94563823825315,88.30209626877553,89.1780638841751,86.88201393246216,90.50056603587224,90.00991628155643,92.7022113059255,88.69128998416724,89.13083208329694,90.02367688895407,89.03465015694616,92.28958518567391,92.36910580282624,95.42634373516938,90.66211767131004,91.2311137151488,92.27992122015397,91.58257705483337,94.32213530011413,95.33700913376106,97.31435546098491,92.95235617747376,93.7472404962362,94.63901923742335,93.05133403314156,96.44513358934468,96.10722817337,99.56092130043224,94.74823381124313,95.20123193195208,96.29115427407216,96.20866655962338,97.81834412335796,97.258391719524,101.07186971637223,97.0135053414907,97.09513413416845,98.0893180297194,97.23900183284458,100.69920085051876,99.93485765726068,102.12693965937594,98.9691013416817,99.29102011354138,100.0,98.1330781581266,99.64327835510365,99.42564409232794,101.04554426523636,98.8881782566151,99.06733353518604,99.56188621769864,96.8597956570523,80.00565212887535,91.61118701040633,97.75899123210404,88.43272389296382,89.49221159877794,91.5589065071095,94.5738891634872,97.63389118174968,95.95642935485296,99.17406130538689,96.10389017261843,96.0547365666966,96.83456775136918,96.86151561572296,100.22478586629975,100.34753736800135,103.72599825605576,98.54315074101132,99.14461295000804,100.28995927651992,100.37188434768385,103.6211774963,103.91808994046234,106.2509756020231,101.9965309219919,102.63705059481538,103.54053184661733,101.82438765901756,105.94211258934078,105.67610076128511,106.73891767806742,103.88325012417914,104.48086700321448,105.04537967192768
Aguascalientes,51.47281673475951,52.23762673444679,54.95768840048628,54.841137267616645,51.85522173460315,52.88937728989753,53.3773172843273,52.75250188299439,54.86414060721923,54.92093375008302,57.84323011632693,53.8083212451068,54.17919208009888,55.09520158915589,54.29698324181301,55.55087353846619,55.4257279236903,58.76427933836129,54.9239283901396,55.09119490132317,56.0094660105827,57.05860823627837,58.830943065419085,61.072539492909385,64.32661190924588,57.94477565084873,58.98736359820229,60.3221756759632,64.98368335455243,64.66411721078784,68.16972457518001,66.32464673710095,64.82390028267014,65.93917504684009,66.0355429694053,63.313915499533294,66.85296432174671,67.60989124864545,65.41847007025324,65.08343991064001,65.92559035664183,65.79881028504467,57.13008379522774,58.71777247118312,63.228089073969805,65.71727363427544,57.92392813320543,59.69198178012689,61.19830474366403,63.29825561984993,65.26477489686653,69.28737368566043,69.11707912243259,64.28151525835824,65.95013473412563,66.74187083120238,66.99495934359972,68.8668562943032,70.76146738581126,73.33317956108965,67.93090781895145,68.8744276745714,69.98911564620096,72.44300357038041,73.28634321409172,73.29538142838827,76.10193542276292,72.86467339223607,73.00824273762014,73.78166590890582,75.28512632739582,75.8108641347428,76.41238394177017,78.8054058648172,75.54799523106931,75.83612480130292,76.57844506718149,82.17767486364971,82.93699504619873,83.94311506549155,88.30090238290151,82.55733495492422,83.01926165844668,84.33967183956038,85.45322787152682,89.69255574211971,90.06855989043167,92.38764781558513,87.57289180682326,88.40478116802608,89.40049782991584,89.39452547567959,93.65135987478884,92.717300380252,97.9522014810578,91.52294267523422,91.92106191024014,93.42884680294456,96.16900341829056,95.50229460370568,95.99506330711807,95.12522772360748,95.83564901099813,95.88878710970477,95.69789726318044,97.6993338138287,98.65684554446614,100.45567257902664,103.18814806267854,98.1780896791474,98.93728397910716,100.0,96.38797428400838,100.59043367363228,101.42149267391952,103.2510129764623,98.48920397882031,99.4666335438534,100.41272840200564,98.78887271256356,77.29967679265577,96.39291688632804,103.35473317197548,88.04427475260967,90.82715546384912,93.95904989088072,99.78649814613692,97.18375809464708,92.19667522560027,95.9377496325969,98.485128120392,96.38897715546142,96.2761702747453,95.48056044202649,97.03909689717574,95.91997671335352,95.89843285449491,96.2598286696011,96.14654468418526,96.08451672676266,98.1320864904022,101.81201398917912,103.67302861030724,103.15101743237696,99.97205023979066,101.20570969662953,101.69203663056636,98.97655140885928,103.34068935098487,102.32250378038354,101.83145522940453,101.15862037992208,101.54658151340922,101.61779994240806
Baja California,75.49100417563676,76.80048642685333,79.41675480208232,77.2054921379808,76.14574530124504,77.23608180152414,77.2284343856383,76.77425885192768,79.95585742868154,79.75554868548768,78.9831101181584,78.36505814030461,78.82855498869897,78.86719377106382,75.99650588591395,80.5653738708883,82.33712733066439,84.63397624730361,78.28093987840113,79.63300236248888,80.88324583369257,80.42431310490646,86.87388626960036,90.43609819106264,90.2892581337441,83.64909968725341,85.91143252185648,87.00588892482838,83.98537294964589,88.07093316733754,90.64010844321636,88.58210394446817,86.02815305849172,87.56547152006661,87.819629626167,83.36414793772747,88.4123765208176,87.3864211125852,81.74494693934122,85.88826222927254,86.3876485237101,85.22697312761788,71.22546815121741,74.73165775320028,76.45629271887485,75.97287625553848,72.97856295220883,74.13780620776419,74.59657371970775,71.92703211202542,79.18402058585697,79.8876006946442,80.36030806494743,75.5555263489412,76.9995511308422,77.83974036436851,75.40670211089741,78.65195140590797,81.44519127846351,82.10327024536835,77.02932675840269,78.50128159842298,79.40177876015932,78.83693295441138,83.94907293983425,84.00167092840044,83.35210463742564,81.39300294712282,82.26255894088203,82.53494536501792,78.52817304826345,84.86829228550886,85.78185561904168,84.52963140077455,81.69823266688616,83.05944031760465,83.42698808839714,80.00667162409002,86.1852612721974,88.63790762332131,91.34098814419752,83.09596644814371,84.94328017320292,86.54270716595158,85.375391257849,90.44661922445005,92.2976527742286,93.67227838467042,87.91100524114951,89.3732210855092,90.44798541029952,87.77173263081481,93.9561459120924,96.41365205449432,98.90824607309312,90.8639392714536,92.71384353246718,94.26244416762366,93.21709364750537,99.1692508068233,99.4945239475681,101.40445365191523,96.19317222716434,97.29362280063224,98.321330513453,95.75284116579674,101.97906506196088,100.40674411357628,101.86134965866616,98.8659531138788,99.37955011377797,100.0,99.28900720452684,104.13912692255523,102.14557919551662,100.8449553186074,101.71406706354104,101.85790444086624,101.60466716030156,97.08310230194552,82.19421316005918,100.05515409102784,103.99639862048642,89.63865773100235,93.11082318434418,95.83221704337971,98.0746819809567,103.21655268553336,102.02006209315098,104.81783675691112,100.645617333245,101.103765586547,102.03228337913804,100.28066468260803,104.70317510777446,105.15549198799978,107.31963494041928,102.49191989519124,103.37977725946077,104.36474167970036,103.51707744047413,108.43032833761312,108.37719506088656,110.80551691071877,105.97370288904362,106.7748669463246,107.78252943742312,103.57451674262316,112.30014760528778,110.18113495364037,110.26217194941412,107.93733217395548,108.68526643385044,109.07949281274134
Baja California Sur,53.6614454178828,54.03070380426605,55.45224179029756,58.45479166890411,53.84607461107442,54.38146367081546,55.39979567033764,54.80784876079316,59.987601220416806,59.733792515132855,64.3159994020181,57.397724990604985,58.17641416544761,59.71131047459023,62.89814988469195,62.32646500035544,60.09859936114756,67.72395710730777,62.61230744252369,61.77440474873166,63.26179283837568,64.75488201956576,67.1638707338636,67.33252116429927,72.74340297699563,65.95937637671467,66.41709130590954,67.99866922368106,70.22562240578519,72.99980570581745,75.77955044341851,76.19681624452907,71.61271405580132,73.00165951834039,73.80044869988757,75.60705553741747,78.77889318441974,75.865724425556,74.999449778102,77.19297436091863,76.75055771579774,76.31278073137382,71.83879239791112,71.98268420178667,70.37993188742922,74.9614349150892,71.9107382998489,71.40046949570899,72.29071085055405,73.71305317502875,74.20480075901959,73.64962229475917,78.11195373154928,73.95892696702417,73.85582540960249,74.9198574900892,77.55868856636458,77.54240021661235,76.93924918729668,82.10239440759386,77.55054439148847,77.34677932342453,78.53568309446686,77.60131530497651,80.65195109942758,77.68768029152369,83.11769269424457,79.12663320220204,78.64698223197593,79.76465984754307,75.64582022585083,77.20668513447295,77.60092646265035,84.69825099784192,76.4262526801619,76.81781060765805,78.78792070520402,79.58631657254305,80.46333199947671,78.35075117690566,81.90554617727848,80.02482428600987,79.46679991630847,80.07648648155097,81.58936021587569,85.27557150089837,83.34019402486169,87.83049595932634,83.43246585838702,83.40170858054525,84.50890542524053,86.26144696296141,87.43534612754662,86.67497051564847,92.70806740997595,86.84839654525402,86.79058786871884,88.26995775403313,89.76650969357469,91.07455727978298,90.78282138030087,98.03155031972533,90.42053348667883,90.54129611788618,92.41385966834596,98.56896813408709,99.82775144897154,97.01192421339312,104.59135620354829,99.1983597915293,98.46954793215058,100.0,95.69631110055448,95.84402768018386,94.61604053434051,98.91348369370098,95.77016939036918,95.38545977169296,96.26746575219497,92.79183954501092,68.7793032118899,80.53528105766925,89.36423195617226,80.78557137845043,80.70214127152336,82.8676639426856,81.65818314096973,93.22655748619736,95.9247334217737,98.6673160927009,87.44237031358354,90.26982468298029,92.36919753541042,88.02415016840155,95.45224760792496,99.15618347016868,101.00809185257536,91.73819888816324,94.2108604154984,95.91016827476764,92.13443968868616,96.2304250687763,98.7881734954058,102.6863119381324,94.18243237873124,95.71767941762276,97.45983754775015,95.2422769395378,100.6226042153443,101.17527905143986,106.02426350843292,97.93244057744104,99.01338673544066,100.76610592868872
Campeche,171.97966303317617,174.44546990454242,180.59929196324697,178.9431318059529,173.2125664688593,175.67480830032187,176.49188917672964,175.34734063061973,178.41316401473384,180.4361219071488,179.7066922582824,176.88025232267677,178.06554218416744,178.4758297026962,172.2941345572406,179.68419736195548,176.42498617909277,176.26779467833586,175.98916595959804,176.1344393660963,176.1677781941562,174.54512421945415,175.0178781778167,172.78859397009796,163.28509598749997,174.78150119863542,174.11719878912297,171.4091730887172,162.16891668185528,165.15778246051102,159.61482328141392,154.37687073043878,163.66334957118315,162.31384080792674,160.3295982885547,149.37671862534526,146.81722814863346,148.37644430276907,146.67775808799195,148.09697338698936,148.19013035891592,147.81203729118494,137.2904700062399,134.41793664250366,134.54947628070758,131.5807626588989,135.85420332437178,135.41929430981705,134.45966139708753,127.95391224334782,130.32935875928132,132.05765632817412,130.75218055097585,129.1416355013146,130.1136424436011,130.27327697044478,127.38811158213096,127.83982959913584,124.90659804017032,127.66524689240642,127.6139705906334,126.71151307381236,126.9499465284609,122.41658038118273,122.56092935058716,124.24867627988569,124.06322184442062,122.48875486588491,123.07539533721852,123.32235196401903,121.04793241967018,123.68321234831816,124.9014627923266,124.66674338417958,122.36557238399416,123.21086918677165,123.57483773612364,120.1867751756514,121.06811363266226,121.8027764289536,126.39095956201704,120.62744440415682,121.01922174575576,122.36215619982109,125.77856304653996,120.94182605707968,124.86778190877864,123.6683694847508,123.3601945518098,123.86272367079944,123.81413512428728,120.75693690492233,116.63254931320355,117.7072041982012,114.22850941478072,118.69474310906294,118.36556347210905,117.33129995777696,108.77362001262514,107.12708143943031,102.13648414975746,103.63576859483295,107.95035072602772,106.0123952006043,105.41823854916149,101.2008087516172,100.53256288905914,101.0878618632156,97.17876649610812,100.86668582033816,100.94041116796394,100.0,95.08416070190825,94.77273044713532,97.38903958605218,96.3053374564596,94.92844557452176,95.74864357836525,95.88781704788884,95.55925306385554,86.42012652256564,87.30620005942876,87.50153415142354,90.9896897932106,89.76185988194997,89.19677844931836,87.44501273494492,87.59627388221438,85.8979853533477,85.15777026891004,87.52064330857966,86.97975732350235,86.52426055985427,83.41540597742662,84.16227488800094,82.55351036388467,83.94610821348034,83.78884043271377,83.37706374310409,83.51932486069813,84.30351269389432,91.87787335739615,89.38738695772884,93.26047808294224,88.09069302564525,88.52292433633978,89.70731277299039,88.6119331064914,85.07432443511995,80.02294229121526,79.84546013135254,86.84312877080568,84.56973327760888,83.38866499104479
Coahuila de Zaragoza,73.58159908640238,73.68429779327909,74.69099041137164,76.22050533901825,73.63294843984073,73.9856290970177,74.54434815751783,75.24687240088448,75.40338919746739,75.95367322775094,76.52016998179643,75.32513079917594,75.53464494203426,75.7810262019748,73.19757415109254,77.29973444376138,77.8342049855377,80.73024843277196,75.24865429742697,76.11050452679721,77.26544050329089,80.51851028239928,83.83968687338982,82.06416453551583,82.06652458313634,82.17909857789456,82.14078723043498,82.12222156861031,78.38668454162715,86.44102049023861,86.51720187288512,86.86636478012886,82.41385251593287,83.78163563491695,84.55281792121994,82.52686942465046,84.71893332570123,83.24121389547422,81.73317590541829,83.62290137517584,83.49567221527529,83.05504813781104,63.3761850135455,63.08437880028181,68.32952495260724,74.25013744452937,63.23028190691367,64.93002958881152,67.26005655274099,75.24497343412997,81.05549253221993,82.19294036663571,83.71653824871517,78.15023298317494,79.4978021109952,80.55248614542519,83.85965346386871,85.23160833145768,85.69152003344169,87.59656732538802,84.54563089766319,84.92759394292268,85.59483728853901,88.27823400385397,92.66229637285838,91.1320988587662,89.39600128742309,90.47026518835617,90.6908764118262,90.36715763072542,85.41660680169085,90.26537972270894,90.84313322942572,91.87745664965622,87.8409932621999,88.84170658460852,89.60064410087044,91.40413317189324,95.44450323967358,93.5957171436815,94.18977514833364,93.4243182057834,93.48145118508276,93.65853217589547,90.06481866049548,93.59320368510464,94.96056404220424,93.85137080926084,91.82901117280004,92.87286212926811,93.1174892992663,89.60904508853464,92.63145021712216,93.8704215957652,97.29944081354968,91.1202476528284,92.036972300474,93.35258942874292,94.2200452849193,97.37345181743746,97.21445037277388,101.1938452593331,95.79674855117835,96.26931582504356,97.50044818361592,97.95554435484812,98.95283272563093,101.80568219680028,101.28594072272064,98.45418854023951,99.57135309242643,100.0,96.29300448249296,100.63565558155594,101.08038518853128,96.59643428599686,98.46433003202444,99.33634841752672,98.65136988464424,90.2082432473876,71.37183824267468,90.83924542127708,96.9402661579417,80.79004074503115,84.13977563711313,87.33989826732028,93.77336918349933,98.97537652202745,93.2436832824183,94.82941245211316,96.37437285276336,95.33080966264832,95.20546036001456,93.05454730222466,96.3583039590482,97.04053446683758,99.93681181047155,94.70642563063645,95.48446190937015,96.5975493846455,94.64328686620672,95.12189189065728,95.6996576094351,96.63194891324302,94.882589378432,95.15494545543302,95.52419631988552,90.49237170225874,97.21110672210324,96.70326365142616,96.68081415228995,93.851739212181,94.80224735859603,95.27188905701954
Colima,62.743299453210646,68.86286448752121,70.23948514807867,70.23059336827245,65.80308197036592,67.2818830296035,68.01906061427073,65.09685696534675,67.01197440766751,70.26409170233904,71.97010409141606,66.05441568650713,67.45764102511778,68.58575679169235,64.45105566686856,69.53776824010822,70.78923757695124,70.77927920492614,66.9944119534884,68.25935382797601,68.88933517221355,71.35503131539744,73.40275099551357,74.25765226835715,74.64649364574716,72.37889115545552,73.00514485975604,73.41548205625382,81.56230908380883,79.79157642792501,76.50468342533627,75.04404433041124,80.67694275586692,79.28618964569004,78.22565331687035,79.17904202317739,79.66352808961805,81.22747213453367,78.64298219576736,79.42128505639772,80.02334741577637,79.67825611077411,73.43278471498793,74.01572486459659,77.22257031094358,79.02650123518063,73.72425478979225,74.89035996350937,75.92439528142718,78.41416428323106,78.87290564202259,79.7406853692168,86.02643491136705,78.64353496262683,79.00925176482347,80.76354755145937,83.33651045622504,86.90122177387877,88.11318506538933,86.41491930644688,85.1188661150519,86.11697243183104,86.191459150485,83.67349561278418,89.58899064253374,87.98530708271873,89.57243665411474,86.63124312765896,87.08259777934556,87.70505749803786,85.28481328353182,86.94422058043317,86.34171171686457,88.40623400268511,86.1145169319825,86.19024852694318,86.74424489587867,88.26524370557776,87.19480941082777,86.87479389539445,88.90310184749794,87.73002655820277,87.44494900393333,87.80948721482447,88.21377858130967,89.26562057104486,92.80640983410936,96.0886007150131,88.73969957617726,90.09526966215464,91.59360242536924,90.10559086406776,90.26996124468776,89.3852809985756,95.56338915362596,90.18777605437776,89.92027770244371,91.33105556523928,94.02746086415137,96.72961301380268,97.60956949459228,102.44800626559451,95.37853693897702,96.12221445751544,97.7036624095352,95.9857396794746,103.60533349363725,99.68307990071952,100.7258469261687,99.79553658655593,99.75805102461044,100.0,98.51911266068986,105.03177269571007,106.75034530489138,109.24810855523864,101.77544267819998,103.43374355376378,104.88733480413248,104.58805510274829,92.13480423470372,92.5426181454511,96.06939129023334,98.36142966872598,96.42182582763436,96.3337171932841,91.65159048256302,96.1570431069834,94.50475084500806,99.13984019844256,93.9043167947732,94.10446147818482,95.36330615824926,93.13796821884334,97.20316058958906,92.00816242270392,99.35790953601716,95.17056440421618,94.11643041037875,95.42680019178836,97.83620302585172,99.00263384228268,98.81830787792696,102.91653354840304,98.4194184340672,98.55238158202044,99.64341957361609,100.09252347022613,104.06797578809584,101.53866767140882,105.5003292398597,102.08024962916096,101.89972230991027,102.79987404239763
Chiapas,93.44383159808464,88.49032773093596,84.4656396902953,86.42266582605498,90.9670796645103,88.79993300643865,88.20561621134273,86.09474463339295,85.36042689142265,83.18750693260696,86.53025344111194,85.7275857624078,84.88089281914084,85.29323297463361,85.66699299384585,89.7168463338393,85.14254975444572,87.8449338110733,87.69191966384258,86.84212969404363,87.09283072330105,86.24348814262893,90.35745059900422,91.41629539760925,93.6052174252919,88.30046937081659,89.33907804641413,90.4056128911336,91.57331709331172,92.1292219399116,90.171392622523,91.23697341957558,91.85126951661164,91.29131055191544,91.27772626883048,95.88744333647192,97.040049400378,93.203657620354,93.81268347470144,96.46374636842496,95.377050119068,94.98595845797634,91.7153502412687,91.8172074327194,93.93937900292498,97.17632744466329,91.76627883699403,92.490645558971,93.66206603039406,95.96627700473942,99.4595777580114,103.85722889767273,104.33103078977686,97.7129273813754,99.76102788680784,100.9035286125501,99.1305977113888,103.80300544048488,101.55494744705614,106.17960090958078,101.4668015759368,101.49618353297656,102.66703787712764,104.3607302200214,104.33837534876776,103.9435917255205,108.50231162161256,104.34955278439458,104.21423243143651,105.28625222898054,98.61830948656952,102.36516504006974,100.07198823892894,108.67579775408262,100.49173726331964,100.35182092185606,102.43281512991273,106.72913905121884,107.00814966186304,104.63398757014872,107.96455389739808,106.86864435654095,106.12375876107689,106.58395754515718,102.3479174423757,103.87867090421337,100.81706990639915,105.06642705911418,103.11329417329452,102.3478860843294,103.0275213280256,104.71455545337068,105.4210344122736,102.9005337342092,105.4490031696134,105.06779493282214,104.3453745332845,104.62128169236674,105.76429456316782,101.76745809408528,97.77666228718184,101.6658501393267,103.76587632862652,101.76947164814496,101.7435662709404,103.23820974844678,100.82555400461854,98.90887647536006,97.02735977157464,102.03188187653264,100.9908800761418,100.0,98.81877160258536,97.40682395997844,97.65764502739732,100.30034698728956,98.11279778128193,97.96108019665373,98.54589689431266,102.16265135765867,86.75790386168384,95.37875725654798,98.12259028361684,94.46027760967124,94.7664374919635,95.60547568987684,102.21830793462772,100.2151768531036,96.60359207549554,101.43343597899026,101.21674239386569,99.67902562107564,100.11762821055429,105.45038944708284,107.14706582239286,104.61146298522348,106.9375333440101,106.29872763473784,105.73630608489972,106.03661289967732,108.9186352439829,105.34255243012846,105.54654561870224,109.79243175172756,107.1305938370557,106.60257776427116,107.4000412611353,110.70943535515563,108.95432561195253,108.89270869343062,111.62902765012666,109.83188048355406,109.51882322017958,110.04637432766636
Chihuahua,63.177613497056925,62.67322533494667,65.03531286480724,68.92695139531129,62.9254194160018,63.62871723227028,64.95327577303054,65.3138313225837,67.73064253515344,67.55836721461036,67.34157605110346,66.52223692886857,66.86761369078249,66.98610428086272,64.66041883298469,67.84684383758702,70.1870907771046,72.13000599763079,66.25363133528585,67.56478448255876,68.70608986132677,68.81484453815955,72.8644347567542,75.3221583161561,78.04240061778003,70.83963964745686,72.33381253702328,73.76095955721247,70.90395454218681,76.88280486566639,79.74396581171747,81.47993750833933,73.8933797039266,75.84357507319022,77.2526656819775,75.69702327205532,81.99950857651329,81.73714209349556,83.74254076566369,78.8482659242843,79.81122464735472,80.79405367693195,69.7976242466553,70.40179968856276,74.46652583624214,77.12849856395773,70.09971196760904,71.55531659048674,72.94861208385448,70.97375964591676,75.6999511792576,77.17118803063975,78.59378652742339,73.33685541258717,74.61496628527136,75.60967134580937,70.30035840980032,76.43657734771197,78.89232007399575,84.10877344563666,73.36846787875615,75.20975194383601,77.43450731928618,78.12819822628245,82.33528509194453,84.75804260206036,87.2474234472465,80.23174165911348,81.74050864009578,83.11723734188347,79.25933647036591,85.89077718536187,86.94629821223782,90.81479301064124,82.57505682786389,84.03213728932187,85.72780121965171,80.77916894446703,87.3107065950764,90.30388769754768,94.1474248959793,84.0449377697717,86.13125441236372,88.1352970332676,86.38499860899492,91.46897264357136,97.10284348668849,101.01171095198536,88.92698562628313,91.65227157975156,93.99213142281005,89.80942479832625,96.09388233097408,99.31196205911712,103.56926485440636,92.95165356465016,95.07175639613914,97.19613351070592,93.55602613662752,98.6433231715249,101.40916667778832,105.08555589356018,96.0996746540762,97.86950532864692,99.67351796987522,91.85723318276466,98.8295591760517,102.12378896534727,107.18941867583636,95.34339617940816,97.60352710805456,100.0,96.27787548649276,101.257200124482,102.654605275272,106.52591815477514,98.76753780548738,100.06322696208224,101.67889976025546,95.92689878491034,83.37691058162386,98.43587842229228,102.335212089224,89.6519046832671,92.57989592960882,95.0187249695126,92.86498882482768,98.5296016364644,100.88256452063378,104.4660566049794,95.69729523064603,97.42571832730864,99.18580289672632,98.4350078608486,106.06107294596428,109.76528865584513,112.25886649093913,102.24804040340643,104.753789820886,106.6300589883993,103.95349260834976,108.72086687105434,112.89037929060456,113.9841652360851,106.33717973970204,108.52157959000289,109.88722600152344,103.36226648530028,111.0209663546246,114.44267364724472,114.88161631699508,107.19161641996244,109.6086354957232,110.92688070104116
Ciudad de México,73.81355074831471,78.12776353063785,74.69147592356106,78.32091298664447,75.97065713947629,75.54426340083788,76.23842579728952,76.32001314732638,81.36921080656928,77.50061167852088,82.54018764958639,78.84461197694785,78.39661187747218,79.43250582050074,75.16846349848325,82.83642842369993,79.64566533992544,82.69282932428622,79.00244596109158,79.21685242070286,80.0858466465987,80.80004875489446,86.50993629726726,83.5070879363262,85.03120299653095,83.65499252608086,83.60569099616264,83.96206899625473,79.63317020404861,86.81215578517521,84.43166112050959,86.45635987867907,83.2226629946119,83.62566236991113,84.33333674710312,77.0094737684735,87.21762667042624,87.38122323278591,89.54692770354232,82.11355021944986,83.86944122389521,85.288812843807,75.2673199451833,78.88508775941922,82.49540317484245,86.46533738442882,77.07620385230125,78.88260362648164,80.77828706596844,81.02333571614433,83.28771070904627,84.42170189729445,88.5774790786558,82.1555232125953,82.91091610749503,84.32755685028522,83.8386561127883,84.92711502709547,88.71938057584244,91.85179384021606,84.38288556994188,85.82838390524205,87.33423638898556,87.7144360842567,88.79609243392949,89.51599813712107,94.89212245149884,88.2552642590931,88.67550888510243,90.22966227670152,86.14552927553493,90.29880521745972,92.12619012994288,95.92591868079084,88.22216724649734,89.52350820764585,91.12411082593208,88.8660723770334,91.1370426784827,92.7463508857246,97.36462466662913,90.00155752775804,90.91648864708024,92.52852265196746,91.6465147929754,94.2039417046783,94.9980786304273,98.80290990804237,92.92522824882688,93.616178376027,94.91286125903086,92.0242120019134,95.85615224321964,95.88801781746996,103.25250489155606,93.94018212256653,94.58946068753434,96.75522173853976,97.74380790827412,97.760554993385,96.31299194892978,103.14938602673354,97.75218145082958,97.27245161686298,98.74168521933062,95.65460223480248,98.55026553782729,99.95180057133658,105.84333165603368,97.10243388631488,98.05222278132211,100.0,98.47392767021412,97.56359559906504,99.9681262528954,102.39741139418588,98.0187616346396,98.66854984072484,99.6007652290901,93.3461199219798,78.32447920346578,88.99381486021856,96.79053299962202,85.8352995627228,86.88813799522138,89.36373674632154,95.02282135800718,96.84239245914247,92.1759715906385,94.72900067962874,95.93260690857484,94.6803951359294,94.69254652185424,95.73799896116898,98.52910078776983,98.0799356644943,102.0891662598848,97.1335498744694,97.4490118044777,98.60905041832947,100.30543810816506,104.1322909769816,103.57172067372058,103.32222767717856,102.21886454257334,102.66981658628907,102.83291935901148,101.35112749302644,105.52338826525936,105.08807863663937,107.10636830995836,103.43725787914288,103.98753146497504,104.7672406762209
Durango,70.81660084475217,70.85186274679673,75.60547551452956,78.769648336627,70.83423179577444,72.42464636869282,74.01089686067635,78.49459558444006,76.00591531404642,79.21919978311416,77.53227419207931,77.25025544924324,77.90657022720022,77.81299621842001,70.8444800160757,74.96210969477166,77.22278160677463,78.58800312529264,72.90329485542368,74.34312377254066,75.40434361072866,74.47027662938603,75.74266202951958,79.27490633864525,79.29686645280293,75.10646932945282,76.49594833251695,77.19617786258846,78.4165203475309,77.7300241583678,79.67385725522425,82.66432610337951,78.07327225294935,78.606800587041,79.62118196612562,79.64122433211286,83.01734806622508,86.17557437721233,85.46657166101485,81.32928619916898,82.9447155918501,83.57517960914129,78.85672182963981,81.61226487230259,83.19141036225959,86.08113369664288,80.23449335097119,81.220132354734,82.43538269021121,79.88951493260393,84.16453144442052,85.19009731741146,88.12289198803292,82.02702318851223,83.08138123147863,84.34175892061721,84.57586087767298,87.09640647547849,87.9767690531687,93.06534712812112,85.83613367657573,86.54967880210673,88.17859588361033,86.73789692068542,92.28472722224528,94.05940035143196,97.06135192582516,89.51131207146534,91.02734149812088,92.53584410504696,90.37398428263982,95.6214989556953,99.09109785632889,103.1610610817967,92.99774161916756,95.028860364888,97.06191054411518,93.76267498167864,100.60357634313765,101.54655155504994,103.55719502526904,97.18312566240812,98.6376009599554,99.8674994762838,92.15869629056948,96.81034596748924,99.6349078072368,100.19479904934954,94.48452112902936,96.20131668843185,97.19968727866126,92.88989376949068,98.48211071290642,100.81221045969286,102.94301315819826,95.68600224119857,97.39473831403,98.78180702507204,95.6125837549511,97.86549356528614,101.1744099307369,100.01091710199744,96.73903866011862,98.21749575032472,98.66585108824287,94.6624127467919,97.75320373661872,102.71360689219868,104.87077662439069,96.20780824170532,98.37640779186977,100.0,96.11733795065165,100.79705084970648,101.71293398885754,101.74917828167035,98.45719440017903,99.54244092973856,100.0941252677215,93.4977675668384,85.56175800606859,95.897392714116,96.115087773215,89.5297627864535,91.65230609567436,92.7680015150595,93.1542856357147,98.21675586512664,100.32101565988164,100.50561825857784,95.68552075042066,97.230685720241,98.0494188548252,93.09723133709385,96.71245665430448,99.41426851376964,98.81604531599972,94.90484399569914,96.40798550172264,97.01000045529187,95.8130817000286,100.79866973664362,101.96617089437892,101.75021121314796,98.3058757183361,99.52597411035036,100.08203338604974,99.78812968658934,109.20560033057748,107.86552689796518,104.4030498542673,104.4968650085834,105.619752305044,105.31557669234984
Guanajuato,61.60161295309064,63.38654962967849,63.62525901494767,63.39492457803647,62.49408129138456,62.871140532572255,63.00208654393832,62.18446277418138,66.32758769140773,64.2741765252093,65.93675854006274,64.25602523279457,64.26207566359948,64.68074638271528,63.1515216521442,65.28767427378436,64.38112269006162,66.93396085922679,64.21959796296427,64.27343953866338,64.93856986880424,66.25288063554146,68.94015655493261,68.81185602449334,69.33751563702593,67.59651859523704,68.0016310716558,68.33560221299832,68.13850672433543,69.48025318440706,68.65051219943288,70.54554396667554,68.80937995437124,68.75642403605845,69.20370401871271,68.86412714842066,74.22629207983248,69.9499723302942,70.53116812095911,71.54520961412658,71.01346385284911,70.89288991987661,66.27737336879188,65.8881988652386,68.38202396615816,70.91454477637298,66.08278611701525,66.84919873339622,67.8655352441404,69.30503849724549,72.99355535279793,72.65277911377422,75.16896422790623,71.14929692502172,71.65045765460587,72.53008429793097,73.98767443420311,76.99433938990754,76.81881576667034,77.51842522644363,75.49100691205534,75.93360986359367,76.32981370430616,77.1524964000438,78.22432031920334,80.71294002144974,83.56438797999975,77.68840835962358,78.69658558023231,79.91353618017418,79.7248382275789,82.5229428901568,85.05673028104707,86.1698902358735,81.12389055886784,82.43483713292758,83.36860040866408,83.88401606154743,86.11609903964589,88.39728839958491,91.1080811481798,85.00005755059667,86.13246783359276,87.37637116223951,87.51488931291792,93.67494078348976,91.44765476903628,92.52733679950596,90.59491504820384,90.87916162181465,91.29120541623747,90.1419429649884,94.42586681801114,95.80364778245564,98.39699275132976,92.28390489149976,93.4571525218184,94.69211257919623,97.09250825858835,98.83092633506148,100.73435677106916,100.8096707940536,97.96171729682492,98.88593045490632,99.36686553969317,97.14868402717944,102.77129573701174,100.08816450634062,99.99185572946824,99.95998988209558,100.00271475684391,100.0,95.53134894308896,100.52388304279609,98.73153781625558,97.5520080522394,98.02761599294251,98.26225660071354,98.084694463595,95.77764281620998,77.43531736387607,94.31625972495664,97.51823223958012,86.60648009004302,89.17640663501423,91.26186303615572,96.23290662925972,98.19086366373526,95.84669645937322,96.85949588654292,97.21188514649748,96.7568222507894,96.78249065972776,95.95017387723568,99.411834817935,99.85454778606204,100.7271424750516,97.68100434758534,98.40551882707756,98.98592473907108,97.64276977818204,99.8825254707722,100.30626996911714,104.50148287125498,98.76264762447713,99.27718840602378,100.58326202233158,99.69026180011048,104.10066930743528,105.64130708012875,107.70254364701913,101.8954655537729,103.1440793958915,104.28369545867342
Guerrero,75.05288878544388,77.99849294046702,79.5253775279721,82.42722122064585,76.52569086295546,77.52558641796101,78.75099511863222,79.88245033782077,82.53837241713242,82.47127761226488,83.72728560650528,81.2104113774766,81.63070012240603,82.15484649343084,80.7448218921248,82.77102235834634,85.5704074755908,87.60480337197495,81.75792212523557,83.028750575354,84.17276377450924,82.26137615026411,85.37003161042296,87.857290778149,90.69469069036982,83.81570388034353,85.16289951294536,86.54584730730147,85.5350681084541,86.9516754634145,89.53520853935122,94.2114523829038,86.2433717859343,87.34065070373993,89.05835112353091,86.40766565302064,89.18408709305358,89.45328262370255,90.7796819591946,87.79587637303712,88.34834512325892,88.95617933224284,86.06547357791257,84.31295027354153,88.27413589364981,91.97724650752428,85.18921192572705,86.21751991503463,87.65745156315704,85.7898818331748,90.24242353163488,92.42402906745691,95.24303784416534,88.01615268240484,89.48544481075554,90.92484306910798,89.05082639928915,90.28943683679684,91.97860408322562,94.23067622810557,89.67013161804299,90.43962243977056,91.38738588685428,89.62172532211062,92.40100741567892,91.71899713050762,95.6523402600634,91.01136636889476,91.2472432894324,92.34851753209014,89.76118051879119,94.75167986656238,94.20172476752296,97.9763047955218,92.2564301926768,92.90486171762552,94.17272248709958,94.56237085945396,100.56434594111772,100.45050819783998,106.71451208547266,97.56335840028582,98.5257416661372,100.57293427097107,96.10880047720003,101.3785010056154,98.1400844167975,99.33907651061465,98.74365074140772,98.54246196653764,98.74161560255688,98.58139946780234,98.2252313538491,98.8606886983578,98.81289852134796,98.40331541082573,98.55577317333642,98.6200545103393,94.72949856822022,96.55681398369346,97.45601886828683,100.15937683749064,95.64315627595684,96.24744380673351,97.2254270644228,98.5081009881526,100.63565812285708,99.65828628339064,101.19795460559966,99.57187955550482,99.60068179813344,100.0,99.4530754000911,99.3073190692006,99.36509986768982,100.5838260637996,99.38019723464583,99.37516477899383,99.67733010019528,96.24431128552008,78.45890168627953,92.09528222803492,98.60381888733818,87.35160648589981,88.93283173327818,91.3505785217932,90.66218581246292,96.19200305872369,95.85327917552864,98.605669638971,93.42709443559328,94.2358226822384,95.32828442142154,94.97818497919152,98.70349364953633,97.21806049467256,99.08016855109892,96.84083931436392,96.96657970780012,97.49497691862484,97.69959919291264,100.2465796144696,100.96729304184682,95.14541436278134,98.97308940369112,99.63782394974304,98.51472155300262,96.3636622817767,102.69102286235872,102.15961069319212,105.48069385421935,99.52734257206772,100.4047652791092,101.67374742288672
Hidalgo,76.40012592084511,80.04892178058964,77.91963413683106,80.43856468355884,78.22452385071738,78.1228939460886,78.70181163045615,83.39921656155785,84.79267619271073,85.72533904857757,86.33119155434915,84.0959463771343,84.63907726761539,85.06210583929884,81.08419659607723,85.45415128440153,83.4948669630353,85.63614446357097,83.2691739402394,83.34440494783803,83.91733982677127,78.50078967597717,84.56023144453663,82.8001499487519,85.40425802821817,81.53051056025691,81.95372368975524,82.81635727437097,82.17816664617567,84.97879053282105,84.81444787326332,89.57291173736543,83.57847858949837,83.99046835075335,85.38607919740637,86.80413717732722,92.00524915218485,88.30917302070972,84.63974974038044,89.40469316475603,89.03951978340726,87.93957727265055,83.1694629330519,84.616193090017,84.64989466173269,85.16623091704079,83.89282801153446,84.14518356160053,84.4004454004606,80.96509015170493,87.20452701950374,83.74562684562878,90.597177883096,84.08480858560435,83.97174800561248,85.62810547498336,84.154140200751,87.60420623186472,88.52363048503133,90.25138912111824,85.87917321630786,86.76065897254904,87.63334150969132,84.93420355535409,89.41621371724709,90.83254883133056,98.50095780217536,87.17520863630058,88.3943220346439,90.9209809765268,85.86162868498786,93.63217633922191,89.96185175288214,94.5702430176411,89.74690251210488,89.81855225903064,91.00647494868323,90.576442927254,96.49824590500302,96.8473684339666,97.87866739919995,93.5373444161285,94.64068575540784,95.45018116635588,92.5093769434378,99.99796686963968,96.64465790518692,107.6531668802061,96.25367190653874,96.3840005727548,99.20129214961764,99.55319473450584,104.84591671614568,97.38276826767564,99.22565701731476,102.19955572532577,100.59395990610903,100.25188418391046,93.13094650676094,101.86476428965052,99.39773404588784,104.53984066779736,97.49785539820572,98.13114828076644,99.73332137752416,96.04168039902916,103.54788302855142,100.2835839434945,100.1268526289249,99.79478171379029,99.95771579035836,100.0,97.25181468282082,97.46722107864818,96.66651901734149,98.2593477382192,97.3595178807345,97.1285182596035,97.41122562925744,92.09827866721623,82.04483419735398,83.15676251199287,90.06692025487145,87.0715564322851,85.76662512552103,86.84169890785863,89.21685168448185,94.880781491034,92.97225862558548,95.12043275243,92.04881658775793,92.35663060036713,93.04758113838284,95.14105539931022,101.97459281192636,104.46378212385612,107.59803243081596,98.55782410561828,100.52647677836424,102.29436569147715,100.99079452145136,103.6865110385502,108.83748005927852,106.61975264538484,102.3386527800008,104.50492853976004,105.03363456616624,104.59516378188948,104.1782387939363,112.09433375348436,107.71029318579504,104.3867012879129,106.95591210977008,107.1445073787763
Jalisco,67.63594161931023,68.68618006383372,68.06724052751785,68.89472888601557,68.16106084157198,68.12978740355395,68.32102277416935,69.93834526539617,70.78761744798635,70.11072837528037,70.38454350098334,70.36298135669126,70.2788970295543,70.30530864741155,68.45041649492372,72.54896288993004,70.93891564097713,74.98131955330652,70.49968969242688,70.64609834194363,71.72990364478436,75.0903554609139,76.11456542093065,73.83895289394134,76.6118590276479,75.60246044092227,75.01462459192862,75.41393320085844,76.34065099835962,78.29422507205263,77.52421685381798,79.373003658625,77.31743803520612,77.38636430807674,77.8830241457138,77.31959785336385,80.3026265100539,79.75520122836606,79.19491134820043,78.81111218170886,79.12580853059461,79.14308423499607,72.98567423608027,71.97221868019732,74.88138663420033,77.2284007295235,72.4789464581388,73.27975985015931,74.26692007000035,76.55836189252783,78.75527382891612,79.35642284755251,81.29632301608738,77.65681786072196,78.22335285633214,78.99159539627094,79.5515886096406,80.37979331771464,82.21936570266286,84.3935142189282,79.96569096367762,80.7169158766727,81.63606546223657,83.27736965756687,83.16727663451276,84.35966261346447,88.17071598195979,83.22232314603983,83.60143630184803,84.74375622187597,83.21562822551947,86.11500375675672,86.12640307547419,89.81045978177589,84.66531599113809,85.15234501925012,86.31687370988158,85.08102159365808,89.1161610784372,89.27714405671419,93.70679365956956,87.09859133604763,87.82477557626983,89.29528009709476,90.67761414901295,91.66430575072646,93.20392779367222,94.66987486034029,91.1709599498697,91.84861589780388,92.55393063843798,90.97542015156702,95.10450539915826,97.22545704379272,98.87965366115012,93.03996277536264,94.435127531506,95.54625906391703,94.86903910772654,95.2783547782668,98.2736840861596,101.13576304078047,95.07369694299666,96.140359324051,97.38921025323334,98.81883476197204,100.09581469806126,99.88355641159824,101.20179412836848,99.45732473001664,99.5994019572105,100.0,98.8160653788876,100.90829925811587,100.56685876434943,101.71441366120168,99.86218231850174,100.09707446711762,100.50140926563869,96.65519529045764,82.49396001458844,92.71543901289614,99.84812139453896,89.57457765252305,90.62153143931408,92.92817892812027,95.85526151675342,97.77758262738168,96.29915636748056,100.6920235764612,96.81642207206754,96.64400017053856,97.6560060220192,98.67255932998572,100.5908478698852,102.2649141030946,107.86468009018928,99.63170359993546,100.50944043432185,102.3482503482887,101.43922961395717,103.13202569944464,103.56918514819876,109.53361724652623,102.28562765670092,102.71348015386684,104.4185144270317,102.21628207171698,105.35471073545304,103.44116245792748,107.45858653843705,103.785496403585,103.67071842169918,104.61768545088364
México,65.68342586149217,69.37343590462342,67.27658880932175,64.934673209219,67.5284308830578,67.44448352514577,66.81703094616407,66.04354571821379,69.85802977031817,68.57045323805181,69.09279280028353,67.95078774426598,68.15734290886127,68.39120538171683,67.31999618557337,71.48702623008559,71.17743762410149,71.29720998617613,69.40351120782948,69.99482001325349,70.32041750648415,72.4495053528814,76.26171159805268,73.85672856782064,74.59582773825207,74.35560847546705,74.18931517291824,74.2909433142517,74.10850628872267,77.29691356265029,76.93496327730338,77.54246301851235,75.70270992568648,76.11346104289211,76.47071153679718,75.11073889697963,79.74556982931146,77.53502987244748,74.80000832063654,77.42815436314554,77.46377953291285,76.79783672984377,68.92128982972162,71.37906529918477,73.15431659033548,76.0896833067389,70.1501775644532,71.15155723974729,72.3860887564952,73.78279592323737,77.24215787915386,79.35793360446175,80.79482862684945,75.51247690119561,76.79429580228432,77.79442900842561,78.64517364289645,82.26185751536802,82.56680264569792,82.21967524676303,80.45351557913223,81.15794460132079,81.42337726268136,81.81999051300797,83.46246345585465,84.0016048745816,87.06494075725283,82.64122698443131,83.09468628114807,84.08724990017426,81.73335983566308,85.47281239437567,85.07285136516562,86.47329024641934,83.60308611501938,84.09300786506812,84.68807846040592,83.70945692252472,87.90349862950055,86.91199470866779,89.59587630711991,85.80647777601264,86.17498342023102,87.03020664195324,85.46169432296416,88.49070251461013,90.63655498708556,92.59343368010454,86.97619841878715,88.19631727488661,89.2955963761911,87.1475771871391,92.56410192667826,91.97655326119764,94.65550560410136,89.85583955690868,90.562744125005,91.5859344947791,91.34466044692634,95.00221818821464,96.39114687621216,102.98148145750756,93.17343931757048,94.24600850378437,96.42987674221516,97.462413625446,101.26498569267385,100.1383539694166,101.1342467124635,99.36369965905992,99.62191776251214,100.0,96.82775160487532,98.2888173753036,97.64264869013464,101.3514903664098,97.55828449008948,97.58640589010452,98.52767700918083,98.00354159844304,77.41717497838795,89.65679864645911,99.09262197960469,87.71035828841548,88.35917174109669,91.04253430072367,91.94318366184896,97.31619698785282,95.36180060010288,101.72894926391837,94.6296903248509,94.8737270832682,96.58753262843076,95.80637482121512,98.9069876737455,98.23676491901368,103.10215461508471,97.35668124748032,97.65004247132478,99.01307050726476,96.63288984242364,103.13372379876728,100.7349177245218,105.96795212083252,99.88330682059548,100.16717712190425,101.61737087163633,99.11224727717808,105.03451691078244,103.67604062914768,107.31031329931704,102.07338209398029,102.60760160570274,103.78327952910632
Michoacán de Ocampo,68.28004105554331,69.71988307623643,67.78490517722544,74.21168197497946,68.99996206588986,68.59494310300173,69.99912782099615,68.90071104233306,71.95014683666409,71.5620764814063,74.49388149369666,70.42542893949857,70.80431145346783,71.72670396352503,70.42052181578481,72.22467771205987,70.97873757031226,74.66647899150601,71.32259976392234,71.20797903271897,72.07260402241573,72.93873211982789,75.38434348019926,75.38909132172975,79.9347703963393,74.16153780001358,74.5707223072523,75.91173432952407,76.51446686946464,76.83568876331752,76.29773739850444,83.73100995027852,76.6750778163911,76.54929767709552,78.34472574539127,79.15456550013631,81.98136749085133,78.64961386875642,80.81495009294707,80.56796649549382,79.92851561991469,80.15012423817278,73.36534470816005,78.03844327684276,76.51958046335481,80.56939004234401,75.7018939925014,75.97445614945254,77.12318962267541,77.0605063006056,81.14865160036679,77.79045991070556,80.89942288372971,79.1045789504862,78.66653927055933,79.22476017385192,79.64953603148578,83.54264124891519,80.78156030780342,86.00386740152341,81.59608864020049,81.32457919606814,82.49440124743195,81.54391603523946,83.65841556526323,83.06137585385329,88.24887102678429,82.60116580025134,82.75456915145199,84.12814462028507,83.54136302691192,85.60332424241663,82.47887974403658,86.42252322389918,84.57234363466428,83.87452233778838,84.51152255931608,86.84474717327174,90.6624002414379,85.86871224032588,91.15440255802548,88.75357370735482,87.79195321834517,88.63256555326522,86.01421489495917,91.37289491729514,91.63297753858942,92.24619878771904,88.69355490612716,89.67336245028125,90.31657153464069,88.1998199693281,93.95528311134368,90.5441454769896,99.9621832373121,91.07755154033588,90.89974951922046,93.16535794874336,94.82130560755866,92.66437430504436,93.09179014975383,104.49578019620547,93.74283995630152,93.52582335411896,96.26831256464058,98.07203444669985,100.17598400708587,95.305567492221,106.44641405399328,99.12400922689288,97.8511953153356,100.0,99.41914234432,98.02022303692556,97.3877599001051,106.35263100333738,98.7196826906228,98.27570842711688,100.29493907117202,99.08049618289364,84.42780928474664,92.67017964037387,103.73348722972553,91.75415273382016,92.05949503600472,94.97799308443491,96.64778517502158,98.00410922652264,96.45459166069936,105.44119962002785,97.32594720077212,97.0354953540812,99.13692142056784,97.93979043225195,102.89494335939057,98.52859788147876,111.64268231282377,100.41736689582127,99.78777722437376,102.75150349648628,104.49742383600098,106.06369734091956,102.73369439880086,114.09130822494664,105.28056058846028,104.43160519190712,106.846530950167,103.58328384059055,107.07857952999916,104.69822195870796,112.05789868648245,105.33093168529486,105.12002844309922,106.85449600394504
Morelos,78.31689400270841,78.25236901999601,78.39035945232794,80.47698432574204,78.28463151135222,78.31987415834412,78.85915170019359,79.76120165939791,80.6242261239834,80.94367113511217,83.51677444273238,80.19271389169066,80.44303297283116,81.21146834030648,82.5253131170513,85.71652405356944,87.50431389842109,85.69636239536976,84.12091858531036,85.24871702301394,85.3606283661029,83.03195849081918,83.565636614288,83.60450935395556,86.2605345290887,83.29879755255358,83.40070148635425,84.11565974703787,83.82011222329582,84.75809666246744,87.01217913794767,88.7032403755983,84.28910444288162,85.19679600790363,86.0734070998273,84.50221635720453,84.89516626041801,82.71013090053485,82.93272920349094,84.69869130881126,84.03583783938579,83.76006068041208,79.40515441141574,75.97264792132063,81.98474602960935,87.03827659062291,77.68890116636818,79.12084945411524,81.10020623824217,81.63563291853956,85.50912153032539,83.31380588070397,89.27894175882768,83.57237722443247,83.48618677652297,84.93437552209915,86.63934050688474,88.82480263685528,86.28454924932704,90.51063554052602,87.73207157187001,87.24956413102234,88.06483198339826,90.111387584854,89.83058594558425,89.79382196733614,93.3140109707855,89.97098676521912,89.91193183259146,90.76245161713996,92.78700662251164,95.97641138782296,93.28092402328772,95.9875362170658,94.38170900516728,94.0147806778741,94.50796956267202,93.3888533194564,94.98875458586816,93.72606286835328,97.85358601356228,94.18880395266228,94.03455692455928,94.98931419681004,95.45776612589697,96.60146183734724,95.62725335181617,100.11830977748394,96.02961398162208,95.89549377168676,96.95119777313607,98.21684496830775,98.9377047680395,100.044022327166,103.359620715942,98.57727486817365,99.06619068783776,100.13954819486382,102.85211338283985,101.07637181212404,98.24164964042404,103.37912455178812,101.96424259748196,100.72337827846265,101.387314846794,98.4601415468479,99.84465419488475,99.83626768091212,101.85893657735522,99.15239787086632,99.38035447421493,100.0,98.12065088802692,99.15973403253416,97.81340480945714,100.0619128484457,98.64019246028052,98.36459657667274,98.78892564461596,96.03040460865122,78.46826843873264,90.1457142537124,95.3963814329562,87.24933652369194,88.2147957670321,90.01019218351313,93.98620792427144,94.29676919339558,93.03806686285655,100.17672131119654,94.14148855883352,93.7736813268412,95.37444132293002,93.22488973970216,95.52477954968155,94.8115643838636,99.1771813962824,94.37483464469184,94.52041122441577,95.68460376738244,96.78729884559914,97.1593894072323,96.72135328962128,99.4140908485474,96.97334412641572,96.88934718081757,97.52053309775002,97.13116899962417,100.091867378151,98.89642986385672,100.35780970536416,98.61151818888756,98.7064887472106,99.119318986749
Nayarit,70.9959947059124,70.50857466280846,68.82498530935815,73.79728570591125,70.75228468436042,70.10985155935968,71.03171009599758,81.56646526205118,81.81565052801461,77.37296938042125,87.61349573377262,81.6910578950329,80.25169505682902,82.09214522606493,90.37529410396822,84.28714983644319,79.92948986797603,90.00195103892861,87.3312219702057,84.86397793612916,86.14847121182902,86.63130419131323,87.39849947064133,82.04858543028325,88.45756925860998,87.0149018309773,85.35946303074594,86.13398958771195,84.20068136253036,83.0823372040652,84.08144754785422,89.39819970943196,83.6415092832978,83.78815537148327,85.19066645597043,89.54063820205678,92.36474364786832,90.23110175700704,93.49145721546924,90.95269092496255,90.71216120231072,91.40698520560036,88.33081974784116,85.82473580165025,80.71538928239619,88.77822247668387,87.07777777474571,84.95698161062921,85.91229182714287,86.75370441186813,89.27856037182188,85.8951306551146,89.68356202057909,88.016132391845,87.30913181293487,87.90273936484591,88.48698077084133,90.46357847341469,88.5918579411067,93.60743076328669,89.47527962212801,89.18080572845423,90.28746198716236,87.23581190153293,94.10662671688192,89.31517071563003,96.06180379863144,90.67121930920742,90.21920311134828,91.6798532831691,96.585150817743,93.55185251476372,89.48449629536887,92.43288695858564,95.06850166625335,93.2071665426252,93.0135966466153,92.53466785236338,95.17601502645792,90.61021112693012,97.20014767575628,93.85534143941064,92.77363133525049,93.88026042037694,94.40779932439511,94.84341745964394,93.65175486470014,95.92535767903009,94.62560839201954,94.30099054957977,94.70708233194232,95.57930264677516,102.33621154022406,95.06267631709228,99.02657330687175,98.9577570934996,97.65939683469716,98.0011909527408,97.44530382213344,102.96307092977636,96.83934947746856,101.0071615112795,100.20418737595487,99.0825747431261,99.56372143516444,96.24193649781688,101.64856014958194,99.40688575985617,102.702617592745,98.9452483236994,99.099127469085,100.0,99.50778154688092,103.38252809405849,96.82180027951097,102.75351595884516,101.4451548204697,99.90403664015012,100.61640646982386,97.21103449624734,83.95044694669494,89.00858354201112,96.65282804575683,90.58074072147116,90.05668832831782,91.70572325767758,93.85978092630872,101.56234161518198,100.20953855493708,104.54295508596827,97.71106127074536,98.5438870321426,100.043654045599,96.7100126465472,107.02138534586835,105.70121947755872,105.43249205361444,101.86569899620778,103.14420582332475,103.71627738089715,99.95578639012986,102.8504155122726,104.52931153712004,105.97608424260554,101.40310095120122,102.44517114650748,103.327899420532,98.77134027768923,102.80363747451683,103.5728566387508,104.33786613489484,100.78748887610304,101.71594479698564,102.37142513146291
Nuevo León,65.94161827463488,67.60581542779124,67.03202000031017,66.11312436126953,66.77371685121307,66.8598179009121,66.67314451600146,67.75792626217998,70.175737863913,69.08684575856591,69.32799630188143,68.9668320630465,69.00683662821963,69.08712654663509,68.54056178364534,72.36452936797681,71.64444172338386,71.36921512663376,70.45254557581107,70.84984429166867,70.97968700040995,72.6841133863837,77.50045183932659,77.52340707172736,77.27390258400534,75.09228261285514,75.90265743247922,76.24546872036075,78.41401950352991,80.56935427526905,79.46849211503432,80.32162414807452,79.49168688939949,79.48395529794443,79.69337251047695,78.30686515403485,81.4489464814723,80.03412300448268,78.30302376401312,79.87790581775359,79.92997821332995,79.52323960100072,70.94820837746994,71.78789848522693,74.87553152378817,76.49656372040012,71.36805343134844,72.53721279549502,73.5270505267213,75.63005939927353,78.2539465954904,79.90166873098445,82.08568405066366,76.94200299738198,77.92855824191614,78.96783969410302,77.83532672747127,80.08901007790145,83.84772132531786,85.40752262029471,78.96216840268636,80.59068604356352,81.79489518774633,83.33294867466,85.22024730217255,85.87916230064894,86.96234895835501,84.27659798841628,84.81078609249384,85.34867680895913,81.77105378589008,85.65175857419092,84.98223700722404,87.23904864980203,83.7114061800405,84.13501645576832,84.91102450427677,83.63839571406973,87.94974425127808,88.82230972691286,90.85167629590096,85.7940699826739,86.80348323075357,87.81553149704041,88.49361238873325,89.93991682544046,92.21459310049836,92.62485765200682,89.21676460708686,90.21604077155736,90.81824499166972,88.63396592081295,91.71198744961956,91.6585246075995,93.7385843095772,90.17297668521626,90.66815932601068,91.43576557190232,92.67352314951222,94.86844782637854,95.20813100038391,96.79352606232136,93.77098548794538,94.25003399209156,94.885907009649,95.01321694198784,100.21320874589236,101.33684215377026,103.43673215834954,97.6132128439401,98.85442261388349,100.0,99.11078793395492,101.1087368687855,101.13004664145396,100.50062630655148,100.1097624013702,100.4498571480648,100.46254943768646,96.92197304362752,78.83280015247516,92.46886433963884,98.5538565813562,87.87738659805134,89.4078791785805,91.69437352927444,95.85960615519654,99.0239560535504,97.85698372045604,98.81637966911605,97.44178110437348,97.580181976401,97.88923139957974,98.22672504444289,101.3829710074346,100.85568848314064,103.5789508492874,99.80484802593874,100.15512817833938,101.0110838460764,101.7580935362604,103.27076338709388,104.7718476884314,108.16490521112236,102.51442846167716,103.2669015372619,104.491402455727,104.0545903268018,107.28187043714055,110.90689627480052,111.62869352180928,105.66823038197116,107.41445234624764,108.46801264013804
Oaxaca,92.66630917826262,94.77356027716527,92.89708766436895,94.976577649578,93.71993472771396,93.44565237326562,93.8283836923437,98.6686922019982,97.69931557671558,93.50801863973184,92.87186406463022,98.18400388935687,96.62534213948186,95.68697262076896,97.25504723691996,95.94087951035796,97.6013214870077,98.82898787455407,96.59796337363892,96.9324160780952,97.40655902720992,100.4387444809637,99.86716990330036,96.23539979497596,96.52901683884578,100.15295719213204,98.84710472641332,98.26758275452146,98.23394984802115,98.6988494217323,97.88238237340929,96.11283193245904,98.46639963487672,98.27172721438758,97.73200339390544,98.94227363713996,103.87537601198542,96.49489557357673,101.480263875868,101.40882482456269,99.77084840756736,100.19820227464254,101.76475719052088,96.218341862447,97.78969419602204,103.61341031642304,98.99154952648394,98.59093108299663,99.84655089135325,95.78190255798371,101.83822015763668,100.06035955427824,99.05936144129544,98.8100613578102,99.22682742329954,99.1849609277985,98.86765125706992,100.52799167355192,98.52202315396735,105.42988120269152,99.69782146531092,99.30588869486309,100.83688682182016,100.51275755876848,101.73879080729884,100.98568800589614,101.62136573835538,101.12577418303366,101.07907879065448,101.21465052757972,102.34916003206708,104.71504799729716,104.2941443847423,105.64862236699128,103.53210401468212,103.78611747136884,104.25174369527446,101.53211404529104,103.9290525720449,102.08485157953292,106.41091104937026,102.73058330866796,102.5153393989563,103.48923231155976,102.56798112321246,102.8037564422958,107.18336947745615,107.29480264710418,102.68586878275414,104.18503568098814,104.96247742251714,101.9540182890122,108.50281704463056,103.52988102831434,103.47067287732288,105.2284176668214,104.66223878731904,104.36434730982,101.14698921301604,97.02287569692469,85.39341432392185,90.21097290832468,99.08493245497036,94.5210930779542,93.44356303554682,97.27845210673004,105.4884175279001,97.19790970978951,100.0352206555804,101.38343481731506,99.9882597814732,100.0,95.3713344412808,98.52524177179038,92.98968451707404,95.61727331626848,96.9482881065356,95.62875357671508,95.62588351160343,93.33211006771651,82.50042047105411,90.70268268847768,100.05350818565336,87.91626526938533,88.84507107574944,91.64718035322544,98.90063184745308,102.0192609167031,99.96484115557088,102.01736921379438,100.45994638207809,100.29491130657568,100.72552578338036,104.2887335166672,104.84232937168802,109.93607033178291,114.76506317396162,104.56553144417762,106.35571107337938,108.45804909852494,114.131596537963,116.6385749591884,119.5510215138879,117.57232353908016,115.3850857485757,116.7737310036798,116.97337913752988,116.57229829180945,125.78289512644588,127.28839355831558,122.99793568176597,121.17759670912764,123.2145289921903,123.1603806645842
Puebla,65.45541192585411,68.73213606646877,66.65835261527724,66.36525934453628,67.09377399616145,66.9486335358667,66.80278998803412,68.62938280767005,70.29240569866711,69.38010806876626,66.52992736814382,69.46089425316858,69.43396552503447,68.70795598581182,68.69669545556103,73.2576748711646,71.95137590282877,74.05508899821885,70.9771851633628,71.30191540985147,71.99020880694331,73.77607089917389,75.94676441217874,75.34563591478349,76.78334221703349,74.8614176556763,75.02282374204536,75.4629533607924,75.13713027496567,79.22589120425019,79.08738254826048,80.12844470719892,77.18151073960793,77.81680134249211,78.39471218366882,76.70664584039095,78.78261012033909,78.82061777304476,78.40446665221049,77.74462798036501,78.1032912445916,78.17858509649632,70.81455336672816,70.54888215030192,72.81805469155434,77.40796763072466,70.68171775851503,71.39383006952814,72.89736445982726,74.84065083401237,78.34203921391175,79.31326636042202,82.41229293613213,76.59134502396205,77.49865213611538,78.72706233611957,79.8453474880199,81.76632649934824,85.20922645249497,85.29640627673223,80.80583699368407,82.27363347995437,83.02932667914884,85.19041225355028,86.92336310423107,89.57642274330586,89.87326292743121,86.05688767889067,87.23006603369573,87.89086525712962,85.8661385765991,88.07851098858744,85.96291215276449,86.51386532445996,86.97232478259326,86.63585390598367,86.60535676060275,85.17891705525335,89.03614100814067,87.31109594648393,90.7644155999334,87.10752903169701,87.17538466995931,88.07264240245284,88.79449313558969,90.51130449914972,89.59199017968096,91.63660528804984,89.6528988173697,89.63259593814014,90.13359827561756,88.96034488124936,93.08793150383056,91.23608099874365,94.78882865724832,91.02413819253997,91.09478579460786,92.01829651026796,95.7743021100684,98.30454482319249,97.74883695491164,100.99103833331084,97.03942346663044,97.27589462939086,98.20468055537084,96.07688040069074,103.61895732716042,101.06495032468108,99.2392119474678,99.8479188639256,100.25359601751074,100.0,100.63883518650228,102.27219966791144,100.6535142322684,100.02645285453391,101.45551742720689,101.18818302889404,100.897750485304,100.35990023316096,72.10201375091887,93.39842819194558,96.63640033799892,86.23095699203994,88.62011405867516,90.6241856285061,92.91746447774126,94.68310836193542,93.37887262538538,93.82762628018504,93.80028641983834,93.65981515502068,93.70176793631175,92.4882481471276,96.56965959397216,100.03034619712191,99.76560046709272,94.52895387054988,96.36275131274056,97.2134636013286,95.86155616802976,100.86609761302388,101.07299806068426,102.88514382929814,98.36382689052682,99.26688394724596,100.17144891775902,99.05241270286167,106.75429867042044,106.29561703104248,103.68564068532402,102.90335568664106,104.0341094681082,103.94699227241216
Querétaro,57.66718566175523,57.199984230339176,60.11654006141461,58.59215867018448,57.4335849460472,58.32790331783634,58.39396715592338,59.59759424330057,60.69939591403287,64.95634808620667,63.403149118405686,60.14849507866672,61.75111274784671,62.16412184048645,62.11206239141933,64.51455933245666,66.8530988939374,67.02361229162217,63.313310861938,64.4932402059378,65.12583322735888,66.6292797615608,69.68104021458325,70.8486473072883,69.10449645913259,68.15515998807201,69.05298909447744,69.06586593564123,70.72672336235412,72.83174774334837,76.39075944574473,72.3452257452381,71.77923555285125,73.31641018381575,73.07361407417133,71.61995945068237,73.16588821728976,73.73348396797859,73.97562724792945,72.39292383398606,72.83977721198357,73.12373972097005,67.05175596744877,67.29367231690031,71.87651674047586,74.46813843451665,67.17271414217454,68.7406483416083,70.17252086483539,71.22431137993361,74.40592223892494,79.97290535978104,81.5135140967441,72.81511680942927,75.20104632621319,76.77916326884593,78.24655310237078,80.31259711733844,85.87425069091371,88.34357195561307,79.2795751098546,81.47780030354099,83.194243216559,85.18820209807707,85.38253980868919,88.6194249714089,85.41568245404852,85.28537095338312,86.39672229272504,86.1514623330559,83.02574532277781,86.97153042203637,86.16646749822462,85.71767571289237,84.99863787240709,85.38791441434627,85.47035473898279,84.15519973908067,87.70430923690736,90.24096003628529,92.79144445936724,85.92975448799402,87.36682300409112,88.72297836791013,90.05714936786569,93.3635137110135,95.88717459536468,96.3549886158346,91.7103315394396,93.1026125580813,93.91570657251962,91.90258881669676,93.77326105605768,94.14785531329706,97.21818511695896,92.83792493637722,93.2745683953505,94.26047257575262,95.224775304769,95.45038526606528,96.65708352542144,99.93050416511684,95.33758028541712,95.77741469875188,96.81568706534314,98.42614347581704,100.07487646451725,100.7712370371745,100.72774302249124,99.25050997016712,99.7574189925029,100.0,98.64001027817903,99.47574581971196,100.41786487564144,99.78759583456424,99.05787804894553,99.51120699117747,99.58030420202418,96.75165988586052,78.16360032789461,91.59101169077444,96.31035506910372,87.45763010687756,88.83542396817653,90.70415674340832,93.3693575975618,94.06439532241092,95.84406127402838,94.26732769613494,93.71687645998637,94.42593806466704,94.386285472534,92.0185765338325,96.4804356369858,97.30121327598872,98.49053191831528,94.24950608540914,95.26674181560232,96.07268934128057,96.1130333033978,98.07689175111727,102.34170789545998,103.3869571334697,97.09496252725756,98.8438776499917,99.9796475208612,98.52220910455824,103.02066702092236,104.57807918828864,102.6367193465043,100.77143806274027,102.04031843792308,102.18941866506836
Quintana Roo,51.20153069725454,51.904388417502055,51.80616564882284,51.649618141565135,51.55295955737829,51.63736158785981,51.64042572628615,55.5037635118496,56.35964628422825,55.2020469130666,57.13983760704906,55.93170489803892,55.68848556971481,56.05132357904837,60.34021517949974,60.25097232614386,57.54203790633596,54.525398987857365,60.295593752821794,59.377741803993175,58.16465609995922,60.20030496180835,62.47878441502183,62.10116705592301,62.78810349197743,61.339544688415096,61.59341881091773,61.89208998118266,67.07758024040515,68.59587416675886,64.74772986978088,67.32100958353212,67.836727203582,66.8070614256483,66.93554846511927,72.0130288562577,72.55569760464908,68.22271098323091,67.59738780495186,72.2843632304534,70.9304791480459,70.09720631227239,67.43775353926804,60.38836317283948,63.26009509623639,65.10449864667832,63.91305835605377,63.69540393611464,64.04767761375555,67.97905857866044,67.62412336148567,65.85640693258966,68.36591137221677,67.80159097007306,67.15319629091192,67.45637506123813,70.7268958497842,70.25333847118752,70.78596853799472,72.60248261562707,70.49011716048587,70.58873428632214,71.09217136864837,75.10970118856223,73.76226259565587,72.79778809397389,75.70367685131335,74.43598189210906,73.88991729273066,74.34335718237634,78.69828216421207,75.10357015688196,75.12894808230074,78.33280699958486,76.900926160547,76.31026680113158,76.8159018507449,80.15586153400078,78.54288094239207,78.93392664046898,81.16305655734233,79.34937123819643,79.21088970562062,79.69893141855104,83.84758066792199,85.10581706226489,83.1474388266933,85.35382304877325,84.47669886509345,84.03361218562672,84.36366490141336,87.69374784371942,88.93506095549165,91.28178342683633,91.2454123162364,88.31440439960552,89.30353074201578,89.78900113557094,94.04058942034196,94.50462841203834,94.86077014284872,94.35457606703086,94.27260891619017,94.46866265840968,94.440141010565,100.91053545469136,101.57409652576482,100.20075327451256,97.31461474503126,101.24231599022808,100.89512841832293,100.0,100.87226692026408,100.718654449672,98.0218801599549,100.17864441434008,100.79546068496803,99.870933843297,99.94786148605776,101.20842031183508,63.11243751926848,71.4597583968523,78.31056081276233,82.16042891555178,78.59353874265194,78.52279426017955,80.18282641721082,89.27335486444996,92.0557627961637,91.97407394985969,84.72809064083039,87.1706480259415,88.37150450692104,87.82408956231563,93.76177912495372,96.28117367227011,99.12197942338712,90.79293434363468,92.62234745317984,94.24725544573164,87.62900545607224,101.570095134683,119.33427287253332,123.51539426572052,94.59955029537764,102.8444578210962,108.01219193225226,101.52644871189922,107.83746457296056,103.00485820617872,102.50607623903592,104.6819566424299,104.12292383034618,103.7187119325186
San Luis Potosí,55.63253737769753,56.40209899489055,58.22045687411117,58.59807684280636,56.01731818629404,56.751697748899744,57.2132925223764,60.06039274300329,62.75831447697938,63.54970471863961,65.5314945992414,61.409353609991335,62.12280397954076,62.97497663446592,64.36761171507356,64.99812731158721,65.7422505308224,66.76485362253204,64.68286951333039,65.03599651916106,65.4682107950038,66.0192165724051,67.76105884726073,68.03212050966734,67.52669272483016,66.89013770983291,67.27079864311105,67.33477216354083,67.04176179940025,67.93094588219601,68.35192491755203,70.33534261975441,67.48635384079813,67.77487753304942,68.41499380472567,69.8955288691108,71.82360191967638,71.50695252546596,69.99055053374069,70.85956539439358,71.07536110475104,70.80415846199845,65.38170140221214,65.60099572527498,66.36871897329964,69.47685055901385,65.49134856374357,65.78380536692893,66.70706666495015,67.48224315701127,71.05727388789258,71.2743330702152,73.22525921930507,69.26975852245192,69.93795003837302,70.75977733360604,71.76015901531416,74.36981948063564,75.30676427771658,77.22716142967847,73.06498924797489,73.81224759122212,74.6659760508362,76.90103672459698,78.58381755822171,78.44047696567671,80.55297108935807,77.74242714140934,77.97511041616514,78.61957558446338,78.83607442678134,82.83694462004968,80.05593943575138,82.06586146612284,80.83650952341551,80.57631949419414,80.94870498717631,79.21502410154983,83.45908287434726,82.31301992991642,85.63676457014148,81.33705348794854,81.66237563527116,82.65597286898874,82.28028767768299,84.54943362861145,88.4226473169503,89.45419536888963,83.41486065314723,85.08412287441492,86.17664099803359,84.7923895634682,91.48960334882918,91.04761260424723,95.38798277010252,88.14099645614868,89.10986850551488,90.67939707166178,93.30613967269625,96.07801846710198,96.84430661116367,100.74110557590626,94.69207906989912,95.40948825032063,96.74239258171704,97.52689000892424,102.36502893338796,97.94798875327646,102.1600923044113,99.94595947115612,99.27996923186288,100.0,94.77724052260828,97.25320234334744,95.22111357309484,96.19161705481984,96.01522143297784,95.75051881301684,95.8607933734676,94.01799506117648,75.73684993976596,94.15008943700202,95.77594889694753,84.87742250047121,87.96831147931482,89.92022083372298,91.28609684578632,95.90683294896203,90.73449099959628,92.98800487063131,93.59646489737418,92.64247359811488,92.72885641624396,91.93034162694676,97.30240707763608,95.16584646929272,98.3135302650775,94.61637435229144,94.79953172462518,95.67803135973828,99.49747292798476,103.03855097319968,105.86878377173062,103.58223705018553,101.26801195059222,102.80160255763838,102.99676118077514,100.97367756360816,105.1815140646518,104.40248848247784,103.14571701098372,103.07759581412996,103.51922670357926,103.42584928043036
Sinaloa,71.09616901552154,69.16233510532393,64.71316747915068,72.22907712022769,70.12925206042273,68.32389053333205,69.30018718005596,75.18575239055136,73.65559538448468,69.74425391125858,78.12011221593494,74.42067388751802,72.86186722876486,74.17642847555739,75.44744083036352,73.9811239428721,68.14127948721209,76.72117315491515,74.71428238661781,72.52328142014923,73.57275435384071,77.95305141440825,75.6527751799797,71.85752813878659,81.68656502371134,76.80291329719398,75.15445157772486,76.78747993922147,78.22340045665513,80.07180997691486,78.35604973534191,86.80831519157844,79.147605216785,78.8837533896373,80.8648938401226,82.99312826851225,85.69982123345406,82.10170929226953,87.48122184841853,84.34647475098316,83.59821959807863,84.56897016066361,80.07434993984825,80.41043510800273,77.69701767667927,90.17822730233031,80.24239252392549,79.3939342415101,82.09000750671514,80.96427913698143,84.60459190008883,81.81093309303996,85.86023366614234,82.78443551853513,82.45993471003675,83.31000944906314,79.0040628102733,79.84752361378382,90.49665575534792,92.76511759073615,79.42579321202857,83.11608072646834,85.5283399425353,88.30057381792479,86.02462374975524,86.08037574372943,92.8940198347347,87.16259878384001,86.80185777046981,88.32489828653604,87.9872361268137,88.17364575615949,82.62733196158042,94.2128005127774,88.0804409414866,86.26273794818454,88.25025358933276,84.46020866269885,86.90118925150576,86.61497404665215,95.05666251167123,85.68069895710228,85.99212398695224,88.25825861813199,90.51791077321468,89.08553285143344,89.56417721533802,98.3894087586576,89.80172181232405,89.72254027999537,91.88925739966092,95.42737567340784,95.86507189221686,90.86999034487714,102.55226663985292,95.64622378281236,94.0541459701673,96.17867613758872,95.07608454733617,99.32023211548304,93.60419409940654,105.4020496976788,97.1981583314096,96.00017025407524,98.35064011497612,100.46641133182352,100.9792366198076,93.85112345745304,104.70322859091584,100.72282397581556,98.4322571363614,100.0,100.89619560145832,98.23888190889588,91.83328897011344,104.78193108747392,99.5675387551771,96.98945549348922,98.9375743919854,98.64030078585976,82.10800638609079,86.12316076239975,101.06822501381846,90.37415358597526,88.95715597811676,91.9849232370422,95.487436763834,94.73129710618268,89.89364780703059,104.0812756065552,95.10936693500835,93.3707938923491,96.04841432090062,94.28590439253452,95.65096158124553,92.84702990282516,107.91564509815773,94.96843298689002,94.26129862553508,97.67488524369072,98.069980940523,97.59822219301635,94.44603411279373,101.52333977911636,97.83410156676968,96.70474574877768,97.90939425636236,100.10288532626974,95.93705217505617,94.83617103441784,97.56538628880266,98.01996875066294,96.95870284524788,97.11037370613656
Sonora,61.17029318146555,67.00995775936109,65.62147805033301,63.97453750114429,64.09012547041333,64.60057633038655,64.444066623076,64.21298173762395,68.74069141299984,68.71509014070868,67.54694838774678,66.4768365753119,67.22292109711083,67.30392791976982,66.07032813770807,70.8438190174411,71.12429205033422,74.0852292903403,68.45707357757459,69.3461464018278,70.53091712395593,74.84524447048607,74.59371604278215,76.26634792095763,78.19981589724576,74.71948025663411,75.23510281140861,75.9762810828679,76.39928049480942,80.30428006761387,77.00363662381925,75.07426075621893,78.35178028121165,77.90239906208085,77.19536448561537,73.67735622599031,82.84815780777815,78.50864397082618,76.88590498565586,78.26275701688424,78.34471933486488,77.98001574756262,66.7272041712495,76.0806854986308,73.44994916110869,73.10563675469429,71.40394483494015,72.08594627699632,72.3408688964208,71.20251606312297,78.55219201134719,75.07831446631083,75.91290624201281,74.87735403723508,74.94434084692699,75.18648219569846,75.5194251168396,83.97691880802638,83.8220136704226,85.39327573292557,79.748171962433,81.10611919842954,82.17790833205353,83.83548120691101,90.83020432573682,84.78875020872475,86.81048814898377,87.33284276632392,86.48481191379086,86.56623097258908,85.88226493945041,95.91106440624836,88.82844152875147,90.46921261337266,90.8966646728494,90.20725695815008,90.27274587195572,87.77689862632668,95.54767408915966,90.70195233859116,93.53700595907642,91.66228635774316,91.34217501802584,91.89088275328848,91.67765448282962,99.26309191516172,96.05894348832766,99.80503604719868,95.47037319899566,95.66656329543969,96.70118148337944,99.45961970350652,104.59722347744776,99.15533514533958,100.9579143518366,102.02842159047714,101.07072610876462,101.0425231695326,98.30842973820944,104.7307281435588,97.41355027075367,100.6960979878895,101.51957894088412,100.15090271750732,100.28720153510288,97.7478521048346,103.7878044698395,97.54027025249424,100.92407317283158,100.76782828733704,99.69197560905614,100.0,98.9974680140038,103.76598043033871,98.82627374472048,98.89698524344158,101.38172422217129,100.52990739635436,100.12167685812614,100.25082516359092,87.11274782159704,91.4517723920328,97.2298631692779,93.68178649259396,92.93844845907358,94.01130213662466,94.4264383996176,100.79123372636222,95.10973225383914,98.63052687613737,97.60883606298992,96.77580145993969,97.2394828139891,98.95123746613648,102.2069975711602,98.38726916382195,102.36913813174394,100.57911751864836,99.84850140037288,100.47866058321566,101.682145479273,106.70859814691428,105.14512458849516,105.91196625843902,104.19537181309362,104.5119560715608,104.86195861828034,103.55530405474616,109.13036699610458,105.04023967045312,105.55222355530414,106.3428355254254,105.90863690710128,105.819533569152
Tabasco,81.4050307398922,82.66612061242671,84.06945214496211,86.15828591669491,82.03557567615944,82.71353449909367,83.57472235349398,82.97799456702045,84.24525212004,88.18802541150205,91.5945687400505,83.61162334353023,85.13709069952084,86.75146020965325,87.11018504460476,92.4296091217618,94.82333320218748,100.26320204293,89.76989708318327,91.454375789518,93.656582352871,96.015441817506,98.4546303132898,103.64649328221608,106.49059184952236,97.2350360653979,99.37218847100397,101.15178931563356,100.94456429714548,102.92477910625637,104.12688170020624,107.95826919795412,101.93467170170092,102.66540836786938,103.98862357539052,103.0738591937773,107.61750337147264,107.28538536724236,114.39620099516642,105.34568128262498,105.99224931083076,108.09323723191471,105.68094204951682,111.03574788874818,112.13918615263424,116.1484616069175,108.3583449691325,109.61862536363309,111.25108442445418,113.4232519027037,117.40980444078112,116.70350697526872,119.99862659065306,115.4165281717424,115.84552110625116,116.88379747735164,115.49368826097331,118.3673273064928,122.40255986653578,129.3678794124294,116.93050778373306,118.75452514466728,121.40786371160782,122.1387938573268,126.5224188300674,127.77337065714858,131.94247103679194,124.3306063436971,125.47819444818091,127.09426359533369,122.5869961344897,124.78514531890389,127.54174222577434,135.33434037437638,123.6860707266968,124.97129455972264,127.56205601338608,126.07836582547738,128.42178605494573,130.0064759336429,123.73318479277889,127.25007594021152,128.16887593802198,127.0599531517112,113.67839959987754,116.80225830731264,118.30157220028778,121.44893077567392,115.24032895359508,116.26074336915931,117.55779022078798,115.196566032844,115.0791445280787,110.58719522593236,111.96394023863076,115.13785528046137,113.62096859561834,113.20671150637143,106.3219477977829,107.45718894442508,106.88151007224984,105.89059306042604,106.88956837110398,106.88688227148594,106.63780996872096,101.75578809626244,102.31621562250656,99.73276048648452,96.19523579474644,102.03600185938453,101.26825473508453,100.0,89.82227393503344,91.86099734930076,96.45751256284306,99.67679685198624,90.8416356421671,92.71359461572575,94.45439517479087,99.5903008216376,93.82223284207356,99.22714833118316,103.4035015783902,96.7062668318556,97.5465606649648,99.01079589332114,103.81776547925602,111.32721490386116,120.66514215566524,127.80745083212211,107.5724901915586,111.93670751292748,115.90439334272617,130.42062145831773,133.0472066824916,139.20009123822382,140.4831403309551,131.7339140704047,134.22263979301107,135.78776492749708,139.69749029535558,143.4939463554587,138.67740527146958,137.79153983282242,141.59571832540715,140.62294730742795,139.91509543877658,136.4370081494471,129.87377302573162,129.65656646455386,123.99632155803914,133.15539058758935,131.98911587991086,129.9909172994429
Tamaulipas,82.0872829139358,79.85278883462959,77.66480744539042,78.46131738398465,80.9700358742827,79.86829306465194,79.51654914448513,82.53648013201776,82.09985537470385,83.57688953309656,84.40505808053715,82.31816775336081,82.73774167993939,83.15457078008883,85.65803269912537,88.17984194568909,85.93317657654582,88.80757196874313,86.91893732240723,86.5903504071201,87.14465579752584,89.45307031816874,89.31423238601197,90.17322911300148,89.22564695543836,89.38365135209035,89.64684393906074,89.54154469315515,90.2043723703396,90.9394829663273,90.9494394372096,93.98411085053648,90.57192766833346,90.6977649246255,91.51935140610324,95.55632091021656,95.49758381211645,91.6345466013812,90.97338446022492,95.52695236116652,94.2294837745714,93.41545894598478,83.49866844140152,83.4867351094657,86.50874080021632,91.14504773272874,83.49270177543362,84.49804811702785,86.15979802095308,88.48171235317093,87.46132568014305,88.34245737213415,88.20183305082648,87.97151901665698,88.09516513514937,88.12183211406864,87.77586954039496,89.5906344786315,88.40454879067833,89.68505886740977,88.68325200951323,88.59035093656827,88.86402791927864,93.72000075368304,93.93869188389296,90.75101365124075,93.17579743699088,93.829346318788,92.8032354296056,92.89637593145191,93.04533246357036,94.693086445949,92.27365766224,94.1210734648371,93.86920945475968,93.33735885725312,93.53328750914912,95.21307355394907,94.72648654661064,94.72091955430896,92.77599708988248,94.96978005027988,94.88682655162287,94.35911918618778,97.52021770986865,95.54718425536784,99.51419662902344,97.98054863603404,96.53370098261824,97.52719953141995,97.64053680757348,98.87966932809044,96.6753115684259,97.61111773580735,95.28842856433012,97.77749044825816,97.72203287744124,97.11363179916344,98.10148369455376,97.546150045675,97.23743829436188,94.77119064861596,97.82381687011436,97.62835734486356,96.91406567080163,97.97481594028004,101.8410362342467,100.5332052596984,99.65094256577493,99.90792608726336,100.11635247807504,100.0,102.08256531310988,101.89684697564184,104.5426697925622,102.4264651281544,101.98970614437587,102.84069402710465,102.73713680236708,102.19426926320332,84.27413591859533,95.01504555280476,96.4665454246586,93.23420259089932,93.82781691153448,94.48749903981548,98.18370773458676,97.54124898318103,100.51825949264834,99.27632640471872,97.86247835888388,98.74773873680536,98.87988565378372,99.5840121684026,103.7520978812518,103.7569595418355,101.29265625724857,101.6680550248272,102.36435653049662,102.0964314621846,101.35909021814196,101.7908549553974,103.6154035549413,100.99352723344116,101.5749725867697,102.2551162428269,101.93971899048049,101.3622463169671,104.61153435436024,106.27026741736412,105.05599437994246,102.98689033566367,104.08134936289714,104.32501061715848
Tlaxcala,70.39686743019145,74.06539892894011,74.77443042550959,80.73490531859609,72.23113317956577,73.0788989282137,74.99290052580932,74.97581850849664,79.74359046327083,77.0723718486289,79.96549312732616,77.35970448588374,77.26392694013212,77.93931848693065,73.33632547883909,75.30267472891956,72.7353054033595,79.4873333507302,74.31950010387934,73.79143520370606,75.21540974046209,74.36748393174763,82.27169427129527,77.73800042286871,80.19985787059004,78.31958910152144,78.1257262086372,78.64425912412541,76.63266656740052,80.56789466824036,79.75291032347668,81.71183787608484,78.60028061782045,78.98449051970584,79.66632735880059,77.43871170398387,83.75279069601184,79.89066858263368,81.36957550277775,80.59575119999785,80.36072366087646,80.61293662135178,73.33511566565805,79.19416668914104,76.07732050535074,80.38666331341058,76.26464117739954,76.20220095338328,77.2483165433901,76.81826364819004,83.94784083035823,83.06691465499125,87.00604378627328,80.38305223927414,81.27767304451316,82.7097657299532,80.9891237377016,85.0588220260942,85.85711959300717,90.40399432056208,83.0239728818979,83.96835511893431,85.57726491934126,85.5530086559418,90.40797321172003,85.77348092673786,89.99107186738773,87.98049093383091,87.24482093146656,87.93138366544684,84.47204245288943,88.5451756431322,86.59424673260396,89.95057508278948,86.50860904801081,86.53715494287519,87.39050997785377,85.20846588135565,89.99814280622772,88.24982615072119,91.03059118798006,87.60330434379169,87.81881161276819,88.62175650657116,88.59672617522904,95.08123144319714,93.25153421766326,94.10567475453938,91.83897880921307,92.3098306120298,92.75879164765722,89.90537237704223,94.97818838306536,94.8384599525044,97.00509791105436,92.4417803800538,93.24067357087068,94.1817796559166,94.0717234588051,98.34561889643932,96.47426145416958,100.81516466459118,96.20867117762222,96.29720126980466,97.42669211850132,97.25914837341784,101.96885207844,98.3843406758955,102.38765887224665,99.61400022592892,99.2041137092511,100.0,98.4683035013291,101.95485018481286,98.0281018690679,102.01370708087458,100.21157684307096,99.4837518517366,100.11624065902112,95.92729199720932,82.47576568855112,91.18205332082938,96.7712773269538,89.20152884288022,89.86170366886329,91.58909708338592,91.94743658002132,98.1950485134406,96.62765979026148,101.29183551922311,95.071242546731,95.59004829457449,97.01549510073664,93.88604199309076,102.00506395700616,98.83450758932966,102.8290354404715,97.94555297504849,98.24187117980888,99.38866224497454,95.74101324278328,102.17818777564808,99.3644006524822,105.39850709959728,98.95960050921568,99.09453389030452,100.6705271926277,96.81103590146276,105.94775281463916,101.3845022815898,104.36108377046558,101.37939435805096,101.3810969992306,102.12609369203932
Veracruz de Ignacio de la Llave,86.54050380104532,86.30826958506839,84.98527539870602,84.85963482266257,86.42438669305686,85.94468292827324,85.67342090187057,91.81893394295837,90.02800736147873,87.57796737356443,89.03977971941282,90.92347065221854,89.80830289266717,89.61617209935358,89.76389718322673,91.40118315414315,89.40932856787408,91.87622694934818,90.58254016868496,90.19146963508132,90.61265896364804,95.93915225394537,97.14514613750497,94.19845662179578,95.37625168983132,96.54214919572516,95.76091833774868,95.66475167576937,101.4392622487352,99.24032829807592,96.6962173323798,98.66923446213232,100.33979527340556,99.12526929306364,99.0112605853308,98.9066999509496,101.6137757255046,95.09973162384937,94.90525228902064,100.26023783822713,98.5400691001012,97.63136489733108,96.44165685244424,96.07577184948582,95.35247911360122,97.87287472050645,96.25871435096504,95.95663593851044,96.43569563400943,100.82187498822846,101.84753710482686,96.92961701707311,100.138675448183,101.33470604652766,99.86634303670948,99.93442613957784,101.44476147673618,102.03997001282436,99.5740594836078,104.49756324280442,101.74236574478026,101.01959699105612,101.8890885539932,106.1827966757648,107.02328799519556,103.08958373252656,106.527082547251,106.6030423354802,105.43188946782898,105.7056877376845,105.80363943138336,107.2533606623487,102.19322190170251,104.17576364950509,106.52850004686604,105.08340733181154,104.85649641123491,106.23669371102518,104.70597972092048,102.25506992390848,105.43877701613462,105.47133671597284,104.39924778528471,104.65913009299716,105.40468094416266,106.35478812793372,105.25493478469404,103.89870958711865,105.8797345360482,105.67146795226348,105.22827836097726,104.8802919334188,102.85835925801,99.85686210600906,103.99862668003377,103.8693255957144,102.53183776581264,102.89853499436792,104.13860249379738,101.26891764371555,96.49470242214284,99.25407940745512,102.70376006875648,100.63407418655191,100.28907549177772,99.82304892125444,100.7595048698138,99.09897762537418,100.31846858355756,100.29127689553412,99.8938438054808,100.0,103.66288912794548,102.23056381637188,99.2793992484982,103.78551406379816,102.94672647215867,101.72428406427188,102.23959156415344,105.0745954242966,84.72992377717755,90.19871269691754,97.77726097279182,94.90225960073708,93.33441063279724,94.44512321779588,98.2162933519712,97.944173172486,97.99995251893168,104.9047054514324,98.0802332622286,98.05347301446294,99.76628112370533,101.2449727036701,100.94390691042692,99.29662341015936,102.60746479276762,101.09443980704852,100.49516767475215,101.023241954256,103.7278133382436,103.93295005913905,100.39307997541808,105.98883103749075,103.83038169869133,102.68461445760023,103.51066860257288,106.51024279351498,107.93030693541824,105.228361796502,107.39313559054668,107.22027486446662,106.55630384181175,106.76551177899547
Yucatán,62.03042391662387,63.90036914299788,65.47177957421646,66.91464737548183,62.96539652981087,63.80085754461273,64.57930500233002,64.96334870457923,67.07931738161015,67.49211167832644,69.07961989811643,66.02133304309469,66.51159258817194,67.15359941565806,66.77498982573539,70.63947208529113,69.53399718691068,73.9371789234585,68.70723095551325,68.9828196993124,70.22140950534892,70.36490736462586,73.25215002179074,74.52035342673548,76.17302134609044,71.8085286932083,72.7124702710507,73.57760803981064,72.48078606484714,75.05222773871431,75.31289595238071,78.44401640633106,73.76650690178072,74.28196991864738,75.3224815405683,75.8203065826335,77.22212098378681,76.48123814533582,76.06851286630116,76.52121378321016,76.50788857058538,76.39804464451433,72.86476795627928,74.5030423289381,74.63355842165014,76.30823358115187,73.68390514260868,74.0004562356225,74.57740057200483,75.98013115486368,76.97388984521237,77.6299219129473,79.85478765286955,76.47701050003803,76.86131430434112,77.60968264147324,76.19217979481608,79.73313098668619,78.78521992487498,82.54810983478637,77.96265539075115,78.23684356879241,79.31466013529092,80.50708019495214,81.61233966186721,82.32775284837055,85.0021583378031,81.05970992840966,81.48239090172996,82.36233276074823,80.42876759562657,83.4651920191453,82.54997869168676,86.86556546298057,81.94697980738594,82.1479794354862,83.3273759423598,83.63117938930927,84.84712832515623,86.74117025957835,89.26288703399887,84.23915385723275,85.07315932468128,86.1205912520107,84.46100961564508,89.09925614448034,90.08577555457794,90.8882979148309,86.78013288006271,87.88201377156778,88.63358480738357,87.01224661825725,92.6404236715841,92.78723223238612,97.5781875691506,89.82633514492066,90.81330084074249,92.50452252284452,92.96663700446967,94.95777867156193,96.99804554026102,99.50362268559076,93.9622078380158,94.97415373876422,96.10652097547086,96.40581513935284,99.95235902260946,100.6848600352452,102.95696580279254,98.17908708098116,99.0143447324025,100.0,99.46275712404032,99.42838849685404,100.0259518463214,102.0659408611238,99.44557281044716,99.63903248907192,100.24575958208489,98.84473750733966,79.94932693023867,91.43876792506124,96.14466375163342,89.39703221878914,90.07761078754652,91.59437402856824,95.92042351553188,98.75231903983452,98.369742109625,100.11373597050404,97.33637127768318,97.6808282216638,98.28905515887384,97.04045857515224,100.7748364152904,102.3449611536211,103.894765245645,98.90764749522133,100.05341871468792,101.0137553474272,101.97207702013291,104.99543099673652,109.24993201229364,109.70168299580348,103.4837540084347,105.40581334305436,106.47978075624164,105.64390721497251,110.06859633945967,112.1233600746763,111.69336282038076,107.8562517772161,109.27862120970283,109.88230661237232
Zacatecas,56.1403690330169,59.57626022352653,66.22142343244043,66.59538718518984,57.85831462827172,60.64601756299462,62.13335996854343,58.49498671769746,63.53817424839671,65.62318698417799,67.16436338087219,61.01658048304708,62.55211598342405,63.7051778327861,60.46735621082738,64.6407945872448,67.10240832720964,66.30304507306398,62.554075399036094,64.07018637509394,64.62840104958644,63.93556400118206,66.30814514552863,72.78719604220639,71.92339524204775,65.12185457335534,67.6769683963057,68.73857510774121,65.01142580712107,70.94184167812642,75.25980486174242,73.90296389397275,67.97663374262375,70.40435744899662,71.27900906024067,69.31125127633544,74.11139853529536,76.83289932678817,74.98366540830762,71.7113249058154,73.41851637947299,73.80980363668165,68.95509958716191,77.30404348639924,82.97049911540554,82.81890177980162,73.12957153678057,76.40988072965555,78.01213599219207,79.00488244514435,85.69383963414326,90.88861996099531,86.75572725797893,82.34936103964381,85.19578068009432,85.58576732456548,80.19639546722082,87.76733871143382,88.76364345319548,90.74600960658428,83.98186708932732,85.57579254395004,86.86834680960861,86.11468803445077,89.12126313974095,90.99903603034588,89.08254400623663,87.61797558709587,88.74499573484587,88.82938280269354,81.52135776200265,86.31146898918156,92.11696983030966,89.9521493243004,83.91641337559211,86.64993219383129,87.47548647644857,84.2647554542591,92.67362356201866,99.57286822365224,97.09364893611578,88.46918950813888,92.17041574664331,93.40122404401144,84.09451101444998,94.52867971063904,97.82099611559327,101.350687162641,89.31159536254451,92.14806228022742,94.44871850083082,86.16199458151551,92.7384704111176,102.3126044531032,100.7301898304874,89.45023249631654,93.73768981524545,95.48581481905592,91.61964600400914,96.39531957832833,101.00798318353132,100.42638220365518,94.00748279116874,96.34098292195628,97.362332742381,93.20851396428182,99.09480399045394,105.13983461965644,102.55684742560776,96.15165897736787,99.1477175247974,100.0,89.43431105316972,94.3854721529218,101.42628221288884,99.90498884675472,91.90989160304576,95.08202180632678,96.28776356643375,92.4584495874194,78.43087731716723,101.05278599651292,99.5455344246154,85.44466345229333,90.6473709670332,92.87191183142872,88.39354379919703,95.83457459913602,103.7025840291352,102.4883298268864,92.11405919916652,95.97690080915608,97.60475806358866,90.55637644377848,98.3574382091658,105.60748522196177,101.93826197645411,94.45690732647212,98.17376662496868,99.11489046284004,98.67260654684196,102.218313229782,103.90003993170936,100.70569267846406,100.44545988831196,101.59698656944444,101.37416309669932,97.17263589090416,105.0032770571975,111.5768196358826,105.4870610084472,101.08795647405084,104.58424419466144,104.80994839810788
